DATE,WELL_NAME,WATER_CUT,GOR
2024-08-23,Well_1,25.152514933546307,818.2915712230212
2024-08-24,Well_1,25.783994166607943,846.5540677717066
2024-08-25,Well_1,25.62546952785924,970.0212610755786
2024-08-26,Well_1,33.18926993078442,697.4788687729739
2024-08-27,Well_1,25.048936570126838,820.66251985744
2024-08-28,Well_1,26.065985597270007,948.6799204419946
2024-08-29,Well_1,23.916916922890124,888.8272752232375
2024-08-30,Well_1,25.534660851558968,730.3021582067475
2024-08-31,Well_1,25.03877600223769,965.3184087303407
2024-09-01,Well_1,23.63963799327373,790.6814492289774
2024-09-02,Well_1,17.303735799602187,836.1959961969537
2024-09-03,Well_1,19.330022913278068,552.9606210099579
2024-09-04,Well_1,25.811890810948164,662.3656292771384
2024-09-05,Well_1,20.9374693954918,904.6048667579427
2024-09-06,Well_1,23.085945737769965,870.000300553855
2024-09-07,Well_1,25.623714262566825,865.8892407628678
2024-09-08,Well_1,16.654069816242043,822.3129291359941
2024-09-09,Well_1,20.08580071863064,879.3617961908109
2024-09-10,Well_1,17.048820236886616,789.4214375040426
2024-09-11,Well_1,25.361134247382875,895.8725991183157
2024-09-12,Well_1,28.800707502347542,919.779017555074
2024-09-13,Well_1,26.21142136539811,612.4685297823667
2024-09-14,Well_1,14.712881875493148,986.0149966746782
2024-09-15,Well_1,33.72503860852662,898.1603450014351
2024-09-16,Well_1,22.816986839306228,803.1848930113907
2024-09-17,Well_1,27.621925405387405,1016.0394199827269
2024-09-18,Well_1,24.96662868225555,664.4603284598123
2024-09-19,Well_1,17.324270741561737,710.3201221618596
2024-09-20,Well_1,28.197593726530286,629.3537507658818
2024-09-21,Well_1,24.052708671873546,886.4934034637336
2024-09-22,Well_1,25.485985672760922,797.4783101075
2024-09-23,Well_1,24.11385645605637,729.1708072043261
2024-09-24,Well_1,23.857119888034436,831.7150000579107
2024-09-25,Well_1,17.354106111828855,801.7766929368081
2024-09-26,Well_1,27.060991005761483,831.1017198533634
2024-09-27,Well_1,28.637432105537407,979.7729323547981
2024-09-28,Well_1,17.516997197896792,751.9322262484263
2024-09-29,Well_1,19.807324526257386,824.9547717786626
2024-09-30,Well_1,29.833585268125795,788.1754620584053
2024-10-01,Well_1,15.376787285937494,867.3393269959608
2024-10-02,Well_1,23.621241285196025,751.7212234253707
2024-10-03,Well_1,30.272624269344163,689.2665244038002
2024-10-04,Well_1,23.143046590231677,713.528870145343
2024-10-05,Well_1,23.05151089233073,795.916119182441
2024-10-06,Well_1,27.208810103662177,897.7115854310896
2024-10-07,Well_1,34.113415229325234,714.8969715632469
2024-10-08,Well_1,26.676587480861524,854.4057865443274
2024-10-09,Well_1,28.39542793929463,989.2498488662936
2024-10-10,Well_1,20.50253843386419,777.5781766934398
2024-10-11,Well_1,20.747102012061074,834.0726109849312
2024-10-12,Well_1,35.34916971049323,1018.2810848124285
2024-10-13,Well_1,28.733116219593644,1084.4172172628744
2024-10-14,Well_1,18.768153195400004,937.010320319831
2024-10-15,Well_1,33.420526360533614,971.0704851078234
2024-10-16,Well_1,22.283241466868766,902.3705953697153
2024-10-17,Well_1,32.66453832590391,995.9077298583435
2024-10-18,Well_1,34.54640726727057,709.7251128679086
2024-10-19,Well_1,31.56768668558781,790.1230628654788
2024-10-20,Well_1,21.549397389937145,980.4953189013538
2024-10-21,Well_1,36.51512695288025,1005.255846042671
2024-10-22,Well_1,32.52224055088994,941.9283197557027
2024-10-23,Well_1,36.475919430542525,912.6353334403511
2024-10-24,Well_1,23.884341526378876,888.8334612764245
2024-10-25,Well_1,27.902731323783563,935.3298555829937
2024-10-26,Well_1,27.85917631310207,840.5293722147613
2024-10-27,Well_1,26.560625030049984,869.650101342459
2024-10-28,Well_1,39.210325362696466,1016.6599649668759
2024-10-29,Well_1,27.53067624400758,990.6315841480765
2024-10-30,Well_1,32.78583258123318,839.5471961438434
2024-10-31,Well_1,34.45516722423853,1160.710846214692
2024-11-01,Well_1,29.67604789786158,683.441113575431
2024-11-02,Well_1,31.643420889068288,714.562513036069
2024-11-03,Well_1,21.601611571568892,1183.4121057184277
2024-11-04,Well_1,31.694562251056546,891.0519140124512
2024-11-05,Well_1,37.12339149726337,1156.3769473138784
2024-11-06,Well_1,28.69957500720588,914.8590837381028
2024-11-07,Well_1,22.03718264492963,967.019079620766
2024-11-08,Well_1,26.92781009710484,1107.5960435120464
2024-11-09,Well_1,44.3395251666599,1038.651365221533
2024-11-10,Well_1,37.11913834205133,819.165343082887
2024-11-11,Well_1,34.11192981323924,993.770982385249
2024-11-12,Well_1,33.93391843463193,1138.8705422322837
2024-11-13,Well_1,32.36075270062334,991.0741950773747
2024-11-14,Well_1,30.78950053495887,1005.716943760022
2024-11-15,Well_1,28.731578366354576,765.4572114725315
2024-11-16,Well_1,29.725045533400667,993.3785481853623
2024-11-17,Well_1,22.861967222644825,953.8801864250577
2024-11-18,Well_1,22.988568757515054,879.7158202835463
2024-11-19,Well_1,34.95409613324883,1006.1774361946672
2024-11-20,Well_1,33.65185834424669,1034.889915809562
2024-11-21,Well_1,29.545627027289974,921.1768125344369
2024-11-22,Well_1,27.394275354914278,1069.1051697794123
2024-11-23,Well_1,29.935342423126095,903.7867474150589
2024-11-24,Well_1,33.44130948546957,1032.5361928415875
2024-11-25,Well_1,27.675794321101343,1224.3018440278747
2024-11-26,Well_1,31.700959458934676,1004.6794893993991
2024-11-27,Well_1,36.662863375749,895.3356372648026
2024-11-28,Well_1,39.190565442494936,968.4959858583858
2024-11-29,Well_1,38.80315605566115,1053.06698003086
2024-11-30,Well_1,32.459473131590165,957.7634748431634
2024-12-01,Well_1,33.5372544883478,827.3913710345762
2024-12-02,Well_1,38.57556875623761,1006.9156303429501
2024-12-03,Well_1,31.619873762774162,719.5887387817728
2024-12-04,Well_1,35.161834852988115,979.6345842708231
2024-12-05,Well_1,42.23029988124071,826.445411753171
2024-12-06,Well_1,37.49780897056757,1141.7678199259276
2024-12-07,Well_1,36.64407328722594,962.9255270245665
2024-12-08,Well_1,35.79099078735552,1157.6893314629478
2024-12-09,Well_1,33.457878472435254,1097.62808572044
2024-12-10,Well_1,32.403743686854064,1152.9057363131733
2024-12-11,Well_1,32.16370859810125,1103.0854261337527
2024-12-12,Well_1,28.530049274729755,1291.2693801859095
2024-12-13,Well_1,38.67087080726333,1012.3967738631001
2024-12-14,Well_1,29.546424021744244,988.5728991805888
2024-12-15,Well_1,42.05873096676828,1154.5375914355645
2024-12-16,Well_1,44.57241074292892,1083.3382406763708
2024-12-17,Well_1,39.502460932841096,1107.637549720406
2024-12-18,Well_1,36.999264079701874,1099.6894788716168
2024-12-19,Well_1,38.64533216269875,891.478700420199
2024-12-20,Well_1,35.118422800358964,891.7624741918578
2024-12-21,Well_1,43.48618607522472,986.4597580314181
2024-12-22,Well_1,34.66193691882406,1041.9684782522058
2024-12-23,Well_1,30.81309927567198,1022.9227490789292
2024-12-24,Well_1,30.838194190541234,906.4772911278309
2024-12-25,Well_1,39.90105469232037,959.8503290916465
2024-12-26,Well_1,36.20816518220264,1129.9184846992932
2024-12-27,Well_1,40.25296919836352,1014.4877236340543
2024-12-28,Well_1,43.87957679153802,1114.3288530357963
2024-12-29,Well_1,31.84330918969579,1086.8223331885863
2024-12-30,Well_1,36.70548667521296,1045.4028286300695
2024-12-31,Well_1,34.62041141699934,1110.888031991693
2025-01-01,Well_1,30.949156570505302,1166.8626897586819
2025-01-02,Well_1,45.46691480882592,975.2712871990245
2025-01-03,Well_1,30.098037754223533,1112.1064569794196
2025-01-04,Well_1,45.29268716725595,1048.4356201696671
2025-01-05,Well_1,41.25598795117277,1088.50193382478
2025-01-06,Well_1,36.091540016688406,1211.2382881223696
2025-01-07,Well_1,38.54107881621728,1057.2773708785228
2025-01-08,Well_1,37.446499851245505,1057.5953532395479
2025-01-09,Well_1,33.528099403587724,1017.1672946896069
2025-01-10,Well_1,37.30941961402226,959.8763632357119
2025-01-11,Well_1,44.53612112782591,1010.3517506309618
2025-01-12,Well_1,33.678674759829974,1107.709264687194
2025-01-13,Well_1,34.957868066860954,1124.7208425945125
2025-01-14,Well_1,43.08121810986267,1080.189222384885
2025-01-15,Well_1,37.42050411914477,1166.9365524117372
2025-01-16,Well_1,30.57430434964531,1139.654579995958
2025-01-17,Well_1,35.41355517549329,931.4082820316746
2025-01-18,Well_1,41.756886125206066,1058.5552073575109
2025-01-19,Well_1,34.023746991114564,1060.9680296858623
2025-01-20,Well_1,41.64898018543879,1170.866195859718
2025-01-21,Well_1,38.82565147400416,1083.3227243876263
2025-01-22,Well_1,37.53375285191303,1072.3776879751215
2025-01-23,Well_1,42.186614680074086,1138.1436434901689
2025-01-24,Well_1,37.80698556333912,1298.4741165817954
2025-01-25,Well_1,43.03130697306627,985.6872681955182
2025-01-26,Well_1,32.71781861558985,1457.6605461839981
2025-01-27,Well_1,42.87347206923207,1151.9612094606503
2025-01-28,Well_1,39.554081747447896,933.5901690486147
2025-01-29,Well_1,44.101244147391846,1114.1861008875985
2025-01-30,Well_1,48.36143129202233,1045.4423706585796
2025-01-31,Well_1,42.14820092271275,1023.8746517675983
2025-02-01,Well_1,36.41601570388441,1096.7976156011332
2025-02-02,Well_1,47.82957568515834,1088.7817067124913
2025-02-03,Well_1,43.78161806737407,1084.5412182672242
2025-02-04,Well_1,42.22196749723935,975.8085681332888
2025-02-05,Well_1,41.497124426440294,1129.8714307249263
2025-02-06,Well_1,55.700376284529106,1152.1596499866791
2025-02-07,Well_1,38.82903463673044,1231.2903014446003
2025-02-08,Well_1,53.24004744953931,1268.4273471014783
2025-02-09,Well_1,45.742523879380194,1089.2296650966525
2025-02-10,Well_1,48.850896592883984,1018.2185302886455
2025-02-11,Well_1,38.54326219536881,1089.4672434672075
2025-02-12,Well_1,49.1597496582129,1162.7435898120686
2025-02-13,Well_1,38.6021860825931,1219.1473766602935
2025-02-14,Well_1,36.38289897450403,1287.7660760073304
2025-02-15,Well_1,42.41434805002518,1094.575208025055
2025-02-16,Well_1,45.06566065202303,1045.2015541527935
2025-02-17,Well_1,38.480944262259285,1078.757495611061
2025-02-18,Well_1,46.090170339915225,1123.8084577865295
2025-02-19,Well_1,47.075677042962276,1020.9698491628692
2025-02-20,Well_1,41.955226763704914,1100.2527211255338
2025-02-21,Well_1,38.65518657470875,1107.6203005414948
2025-02-22,Well_1,50.310758672424825,1269.7501101224773
2025-02-23,Well_1,41.639190056887436,1166.4107011563685
2025-02-24,Well_1,44.56574379635073,1011.5424268419059
2025-02-25,Well_1,48.26876868331725,1265.6959837123622
2025-02-26,Well_1,51.05786204646197,1236.941607563737
2025-02-27,Well_1,41.5256001131711,983.7615600025778
2025-02-28,Well_1,38.55868368272112,1269.6970412391825
2025-03-01,Well_1,35.13228588841326,1247.7836212646462
2025-03-02,Well_1,44.49402558488473,1437.5003163708527
2025-03-03,Well_1,50.460245013903695,1120.2239755928128
2025-03-04,Well_1,43.332538474935674,1132.236639419658
2025-03-05,Well_1,46.66770590905911,1302.4421157025886
2025-03-06,Well_1,44.640229499633634,1247.8254849801472
2025-03-07,Well_1,44.50323810369716,1142.679877756509
2025-03-08,Well_1,38.95323381907793,1049.9274682967803
2025-03-09,Well_1,50.755122970016316,1092.581914438702
2025-03-10,Well_1,46.862632690392935,1197.6829417574263
2025-03-11,Well_1,48.902298442897134,1338.636724331719
2025-03-12,Well_1,50.490190719643635,1098.1456980508406
2025-03-13,Well_1,49.208570597344085,1247.4339401668105
2025-03-14,Well_1,45.33023154385088,1327.1257970295462
2025-03-15,Well_1,43.95196187707116,1371.4522889575505
2025-03-16,Well_1,48.264326526489654,1120.9001600084339
2025-03-17,Well_1,51.01835863753158,1093.1362275863428
2025-03-18,Well_1,40.225595228786865,1044.6700510318733
2025-03-19,Well_1,46.6683155787291,1028.63832245718
2025-03-20,Well_1,56.94192377971569,1258.4308162249781
2025-03-21,Well_1,52.04715758596214,1223.3855753333141
2025-03-22,Well_1,44.943224829239256,1276.6156471575887
2025-03-23,Well_1,46.88456580756808,1377.5902661099162
2025-03-24,Well_1,51.19729550065871,1188.2618345078897
2025-03-25,Well_1,56.539906769591866,1035.7330080924326
2025-03-26,Well_1,39.96362334220185,1086.7200846308735
2025-03-27,Well_1,47.69275452939727,1220.8132289783423
2025-03-28,Well_1,52.082526969265864,1154.4609991039772
2025-03-29,Well_1,54.05321718324551,1344.390525735637
2025-03-30,Well_1,59.14324817100083,1140.2080286952857
2025-03-31,Well_1,50.45303278879318,1251.9008468440386
2025-04-01,Well_1,41.66792997132718,1263.1344914407598
2025-04-02,Well_1,48.01382557494246,1213.6088631626849
2025-04-03,Well_1,50.983335372123896,1301.8885847688182
2025-04-04,Well_1,48.73137590092364,1370.395012934115
2025-04-05,Well_1,51.19402610606569,1155.9728583135447
2025-04-06,Well_1,52.39729458704996,1152.9851629889142
2025-04-07,Well_1,40.70284654859527,1251.6109277962191
2025-04-08,Well_1,46.43846790560221,1430.4960089080482
2025-04-09,Well_1,44.36224000471962,1269.0141216514744
2025-04-10,Well_1,54.46858070517017,1212.3175482920385
2025-04-11,Well_1,52.071898444693865,1139.1140714642718
2025-04-12,Well_1,48.48707701010233,1166.2272682247394
2025-04-13,Well_1,50.24638927687861,1438.123575467385
2025-04-14,Well_1,56.12071936238698,1252.097861450656
2025-04-15,Well_1,57.296225325507415,1298.5213527394337
2025-04-16,Well_1,58.153334263853765,1294.727317596226
2025-04-17,Well_1,56.21366875768831,1270.2752988802138
2025-04-18,Well_1,49.522292314840115,1254.2829512392996
2025-04-19,Well_1,56.723051340670494,1221.5210062216875
2025-04-20,Well_1,60.34096777422159,1271.293637876424
2025-04-21,Well_1,54.78248481383344,1131.9183826189847
2025-04-22,Well_1,51.46357529688544,1258.328802705783
2025-04-23,Well_1,55.06114402120572,1078.77038209204
2025-04-24,Well_1,53.6953196709227,1373.1446106642238
2025-04-25,Well_1,42.26758451977269,1351.8530358602357
2025-04-26,Well_1,60.79150303336421,1506.1296030756032
2025-04-27,Well_1,58.24136799574273,1493.149891677829
2025-04-28,Well_1,63.044258337282685,1245.2828115322272
2025-04-29,Well_1,49.082734606815755,1282.7491240468557
2025-04-30,Well_1,44.178327357845404,1386.5669740608948
2025-05-01,Well_1,50.98876116997672,1318.969744030792
2025-05-02,Well_1,49.51107209446627,1262.0614108801235
2025-05-03,Well_1,61.329489128008824,1248.409857569272
2025-05-04,Well_1,58.74201020313285,1268.742568084104
2025-05-05,Well_1,52.318261563699735,1079.8600525766458
2025-05-06,Well_1,55.235500537873996,1404.7763874360176
2025-05-07,Well_1,49.55207125917293,1141.4350861057603
2025-05-08,Well_1,49.229742279313655,1340.6374446299906
2025-05-09,Well_1,56.053317857460144,1313.9207013741834
2025-05-10,Well_1,56.83024876582294,1239.5984823374276
2025-05-11,Well_1,49.260436462615004,1339.4709532377915
2025-05-12,Well_1,47.867206071973534,1224.7091248942234
2025-05-13,Well_1,56.30650841781061,1201.9657309170198
2025-05-14,Well_1,55.33723325929243,1336.4622190479415
2025-05-15,Well_1,52.28575958520574,1215.2808325851006
2025-05-16,Well_1,52.73914151962865,1399.191547710652
2025-05-17,Well_1,62.22435280476542,1338.2655635911287
2025-05-18,Well_1,50.34720020632698,1294.4810313675578
2025-05-19,Well_1,61.023096100585775,1142.850708781054
2025-05-20,Well_1,56.16459290954237,1409.1048374504694
2025-05-21,Well_1,57.939536968079416,1368.973322630022
2025-05-22,Well_1,63.35663259362831,1426.3235735824421
2025-05-23,Well_1,60.19973675612887,1233.1398519494317
2025-05-24,Well_1,56.55020123895555,1346.1890644270732
2025-05-25,Well_1,60.04686863117474,1363.1817325246368
2025-05-26,Well_1,53.18480211192081,1470.9900061026951
2025-05-27,Well_1,60.08700141936216,1119.99287131054
2025-05-28,Well_1,62.74528316937401,1264.3245559529576
2025-05-29,Well_1,50.82752067281768,1305.3458931853427
2025-05-30,Well_1,59.85070182061319,1413.00115300122
2025-05-31,Well_1,64.33518151031315,1343.401035804361
2025-06-01,Well_1,59.991732399648676,1414.8329717900417
2025-06-02,Well_1,64.71690506203937,1356.5910973544815
2025-06-03,Well_1,53.918976339752284,1496.1026019240087
2025-06-04,Well_1,62.49796378625011,1342.354157973418
2025-06-05,Well_1,57.00502469197964,1396.3893059649365
2025-06-06,Well_1,60.41845377165029,1373.5550053188854
2025-06-07,Well_1,51.3292409796377,1304.493334182417
2025-06-08,Well_1,62.74150726706151,1439.543070763097
2025-06-09,Well_1,57.53850125147939,1399.7640633150456
2025-06-10,Well_1,57.10996224882653,1385.240119159435
2025-06-11,Well_1,62.14726592105817,1482.1808259356044
2025-06-12,Well_1,59.2839740567782,1393.3316530809418
2025-06-13,Well_1,64.1262197787504,1461.7304811813751
2025-06-14,Well_1,59.541577934917974,1473.8924190045905
2025-06-15,Well_1,61.234261703461584,1307.0101733875765
2025-06-16,Well_1,56.336585247409644,1386.9260487134559
2025-06-17,Well_1,60.111767301291174,1285.831524905482
2025-06-18,Well_1,67.75613077646156,1314.989581695951
2025-06-19,Well_1,58.46839328802466,1279.8659202724464
2025-06-20,Well_1,61.336147563107225,1650.5255225939868
2025-06-21,Well_1,63.06555174276657,1523.5417986743696
2025-06-22,Well_1,55.15933153930754,1428.2182989578923
2025-06-23,Well_1,61.03705863888756,1289.5139502133231
2025-06-24,Well_1,66.24237166418341,1337.111062332592
2025-06-25,Well_1,53.90108153888957,1309.066501719297
2025-06-26,Well_1,61.36623489968354,1397.1821004174278
2025-06-27,Well_1,51.669888158857134,1341.0856654291551
2025-06-28,Well_1,56.04708110904311,1423.849670353144
2025-06-29,Well_1,66.00318483968464,1337.6877227018258
2025-06-30,Well_1,56.89104147945404,1478.5322994040089
2025-07-01,Well_1,58.14436201959048,1215.4505862850995
2025-07-02,Well_1,66.91845715188512,1356.4622874365596
2025-07-03,Well_1,55.5116848004618,1481.1624555789947
2025-07-04,Well_1,62.235284273353166,1439.3600467952003
2025-07-05,Well_1,61.64179374721336,1162.7388827326752
2025-07-06,Well_1,61.26524994736327,1300.2207557380243
2025-07-07,Well_1,69.26431214511798,1508.3407003453349
2025-07-08,Well_1,62.43487067098672,1560.5133010238046
2025-07-09,Well_1,54.99494093303075,1461.0657135034398
2025-07-10,Well_1,57.61428620403061,1403.3645975828097
2025-07-11,Well_1,54.93634986835619,1371.492528409378
2025-07-12,Well_1,65.00364123879353,1458.3448134003825
2025-07-13,Well_1,62.49379397234183,1331.682415524767
2025-07-14,Well_1,67.75353950394351,1556.105536833055
2025-07-15,Well_1,71.67754414414144,1269.6721617211065
2025-07-16,Well_1,65.34909407991192,1345.8682856831674
2025-07-17,Well_1,63.03968796978445,1481.496747527569
2025-07-18,Well_1,56.18431010047346,1565.18007983723
2025-07-19,Well_1,63.487864301656586,1506.773901506584
2025-07-20,Well_1,65.19152911543878,1444.3193803182417
2025-07-21,Well_1,63.6753538713503,1337.2032265625107
2025-07-22,Well_1,63.618432726845846,1365.2952190450806
2025-07-23,Well_1,56.52136436323362,1152.0370898421752
2025-07-24,Well_1,77.60960947307122,1397.2873178495115
2025-07-25,Well_1,70.45198567689697,1449.9545417863303
2025-07-26,Well_1,73.19881881854455,1543.334435221823
2025-07-27,Well_1,68.26022058511933,1545.2193658228084
2025-07-28,Well_1,62.74546210650024,1420.5300959531805
2025-07-29,Well_1,67.43834550491819,1499.0482219041216
2025-07-30,Well_1,70.97873854196463,1504.4707177293285
2025-07-31,Well_1,71.35378838225573,1423.2292200758272
2025-08-01,Well_1,72.12999168949173,1390.2029769454512
2025-08-02,Well_1,63.085950693279855,1415.2263074764455
2025-08-03,Well_1,68.78833425631491,1405.5262084357087
2025-08-04,Well_1,66.6211906351178,1533.9934425371418
2025-08-05,Well_1,69.58569615510307,1314.9766819184183
2025-08-06,Well_1,63.770925766340845,1477.7446612006067
2025-08-07,Well_1,75.01867105042292,1562.702991927096
2025-08-08,Well_1,65.69451042099823,1457.083351939243
2025-08-09,Well_1,65.48970905940071,1348.829543068444
2025-08-10,Well_1,71.22306285900099,1444.115230727711
2025-08-11,Well_1,70.05141681132203,1381.501435929364
2025-08-12,Well_1,65.21678324831133,1436.102554537514
2025-08-13,Well_1,66.08662599624155,1538.6286368217873
2025-08-14,Well_1,67.4107427960026,1379.9071076968266
2025-08-15,Well_1,77.68976082415094,1538.8287005979014
2025-08-16,Well_1,65.36406864357653,1370.8811315194641
2025-08-17,Well_1,65.7515528338331,1329.2341378438698
2025-08-18,Well_1,65.6958839420233,1569.658922651452
2025-08-19,Well_1,69.02028296504398,1505.4437389923153
2025-08-20,Well_1,68.48222991312872,1371.1189909514653
2025-08-21,Well_1,57.586900632039246,1523.9636484368175
2025-08-22,Well_1,73.43155216596618,1664.555450080934
2024-08-23,Well_2,15.800566732741613,823.178232735732
2024-08-24,Well_2,21.05665797260163,863.3953128618338
2024-08-25,Well_2,25.615210216015154,771.1258122506108
2024-08-26,Well_2,11.916922379013766,843.7583590973622
2024-08-27,Well_2,25.360191850022385,897.9801948962345
2024-08-28,Well_2,11.062109366524478,737.4865226670818
2024-08-29,Well_2,27.89121035680074,793.5352419185066
2024-08-30,Well_2,15.141935814635115,890.8004305122529
2024-08-31,Well_2,24.451949273249376,574.3180368405455
2024-09-01,Well_2,21.035490296716567,899.4515307021604
2024-09-02,Well_2,23.406225473561733,953.7495121380662
2024-09-03,Well_2,28.677593252324453,869.689466504512
2024-09-04,Well_2,16.67332274211793,793.4165201127204
2024-09-05,Well_2,20.51413659942611,665.4944970551232
2024-09-06,Well_2,17.490762256417774,812.1769938952806
2024-09-07,Well_2,27.674727581837523,745.4550803347482
2024-09-08,Well_2,16.9193236721839,896.0891337741054
2024-09-09,Well_2,11.052567274320367,771.5453976572534
2024-09-10,Well_2,19.27440369823373,738.529742509781
2024-09-11,Well_2,25.753283058480935,846.1780476486846
2024-09-12,Well_2,24.762367518838083,849.903579568391
2024-09-13,Well_2,17.132198519177273,930.557322552389
2024-09-14,Well_2,24.42627585424461,850.4992884294577
2024-09-15,Well_2,24.364761486308677,982.8611981801921
2024-09-16,Well_2,29.57225803971974,834.1748276014044
2024-09-17,Well_2,28.024959351989086,1083.630250973476
2024-09-18,Well_2,25.348264100060543,884.6323870222024
2024-09-19,Well_2,16.581723278885228,946.1127303146717
2024-09-20,Well_2,22.04302125909089,883.8622066093429
2024-09-21,Well_2,25.349196902456406,911.2574267009242
2024-09-22,Well_2,28.804406471782865,773.1474460822267
2024-09-23,Well_2,31.969056802009646,773.360226956639
2024-09-24,Well_2,25.911485499183616,766.4260301580368
2024-09-25,Well_2,32.438514584149516,1026.8810733123553
2024-09-26,Well_2,26.09420732433408,718.2192484650619
2024-09-27,Well_2,24.284844936304335,978.3602807425973
2024-09-28,Well_2,27.586568974661084,850.5291139630741
2024-09-29,Well_2,23.044984633400386,1073.3404501839118
2024-09-30,Well_2,25.438144297492187,895.6864576309433
2024-10-01,Well_2,22.413955260223613,848.9556853887318
2024-10-02,Well_2,31.62608296330798,960.1432569406788
2024-10-03,Well_2,21.83341917836428,775.2514998501333
2024-10-04,Well_2,21.9741064506182,873.2655661594863
2024-10-05,Well_2,20.903014012780087,1029.6239399404328
2024-10-06,Well_2,25.02631215521524,854.6553074743853
2024-10-07,Well_2,27.43473305524407,1062.7580724262248
2024-10-08,Well_2,25.92684943042544,1040.608873713486
2024-10-09,Well_2,25.900495416173,921.3522641535525
2024-10-10,Well_2,31.552984985572575,822.760969151929
2024-10-11,Well_2,32.16705077009122,1018.1315386990377
2024-10-12,Well_2,28.689450196415862,768.8473788551096
2024-10-13,Well_2,37.056573897995065,974.7401448972089
2024-10-14,Well_2,24.668282612993956,1069.7144375799255
2024-10-15,Well_2,28.797364924911502,982.7378039589448
2024-10-16,Well_2,20.847478465184437,910.9897063997396
2024-10-17,Well_2,28.59819783094323,896.0638168696773
2024-10-18,Well_2,34.771376967828886,929.26894643378
2024-10-19,Well_2,33.90443422014788,871.1909902951521
2024-10-20,Well_2,22.484834634359167,815.4503315338918
2024-10-21,Well_2,27.458959155880244,1014.9527026513107
2024-10-22,Well_2,36.25923703633895,902.7788496510974
2024-10-23,Well_2,28.567715822264773,1048.5396073246898
2024-10-24,Well_2,22.642848508564587,853.7760618983361
2024-10-25,Well_2,28.33943613392497,761.2668394253113
2024-10-26,Well_2,29.76186783121829,954.1451969381862
2024-10-27,Well_2,33.79616351119476,835.9926165802998
2024-10-28,Well_2,35.892519922941965,984.5305532843047
2024-10-29,Well_2,25.407249287039743,753.585976656941
2024-10-30,Well_2,35.46019971260172,908.269569227232
2024-10-31,Well_2,28.36780652540513,949.744513649516
2024-11-01,Well_2,32.88019037844723,832.1548743189404
2024-11-02,Well_2,26.323672170889182,703.1291099712591
2024-11-03,Well_2,22.524646677653713,913.1698126246677
2024-11-04,Well_2,34.466696136608796,939.7422108287218
2024-11-05,Well_2,17.946822797572587,696.2975953303298
2024-11-06,Well_2,30.394935629808252,879.6482711508395
2024-11-07,Well_2,26.116289589097246,1008.4202774761069
2024-11-08,Well_2,26.659671099762523,941.5854213229304
2024-11-09,Well_2,29.808651961122475,914.7662119537176
2024-11-10,Well_2,24.92664490926415,962.9552136811045
2024-11-11,Well_2,27.554632711809127,799.0642779292166
2024-11-12,Well_2,29.15544025381588,863.313680700663
2024-11-13,Well_2,42.14930907851323,1061.8473583664813
2024-11-14,Well_2,24.8137777981593,733.740304353736
2024-11-15,Well_2,29.231870450703454,908.0300797773044
2024-11-16,Well_2,39.12086691497426,797.7661795168146
2024-11-17,Well_2,26.24458512058544,910.1179091030228
2024-11-18,Well_2,25.739613688698846,917.0357584435269
2024-11-19,Well_2,30.244822952333156,857.206002693559
2024-11-20,Well_2,29.90032986056665,960.1753990817084
2024-11-21,Well_2,38.21617661892638,988.9475609390403
2024-11-22,Well_2,35.45296825400307,818.1752594228155
2024-11-23,Well_2,35.565089292467654,823.5633180822923
2024-11-24,Well_2,29.72911624492594,1048.0099450967257
2024-11-25,Well_2,28.770386472992577,1073.0054958972826
2024-11-26,Well_2,40.62577685344626,783.2123314771806
2024-11-27,Well_2,36.53752456879722,940.4000186270532
2024-11-28,Well_2,27.264883570322187,1080.2614107439638
2024-11-29,Well_2,33.09425446007686,829.0867579319215
2024-11-30,Well_2,31.614487598924022,1080.7651268180193
2024-12-01,Well_2,19.162274744786405,878.5880467065139
2024-12-02,Well_2,40.26600819093528,1054.0946891933384
2024-12-03,Well_2,32.04463034333168,1141.2076177889621
2024-12-04,Well_2,34.16524956238167,887.330883328726
2024-12-05,Well_2,27.86555337858832,1067.8594606287484
2024-12-06,Well_2,47.07637496585778,1099.3199724497522
2024-12-07,Well_2,35.99149363808303,875.812107737301
2024-12-08,Well_2,35.39368400162442,1137.7015863338659
2024-12-09,Well_2,38.10732603144046,1010.2459232448414
2024-12-10,Well_2,38.23330118614091,995.7772115880321
2024-12-11,Well_2,43.413318631508666,957.057902252954
2024-12-12,Well_2,30.09338051260628,934.2694666418961
2024-12-13,Well_2,32.951887848717284,1104.1457855405772
2024-12-14,Well_2,28.531783274136988,1066.9948966362676
2024-12-15,Well_2,34.77330922718244,965.7383290375336
2024-12-16,Well_2,31.95762554050983,1093.8842089528023
2024-12-17,Well_2,32.96370362127476,892.6859034066661
2024-12-18,Well_2,43.3251403771443,1153.6607245538307
2024-12-19,Well_2,38.368100355783405,1090.149309716418
2024-12-20,Well_2,35.5930308127491,979.8065142641794
2024-12-21,Well_2,38.355459391542524,1159.0690810599601
2024-12-22,Well_2,37.88819667957488,884.2795529218602
2024-12-23,Well_2,27.428095214622022,1217.349333643179
2024-12-24,Well_2,36.968659321067626,1071.2658910508508
2024-12-25,Well_2,41.31625376517607,1037.1749770368442
2024-12-26,Well_2,42.60316345082799,1014.7867905297035
2024-12-27,Well_2,45.699889579024,1097.1985782647753
2024-12-28,Well_2,37.515192850990616,911.3749839868019
2024-12-29,Well_2,25.436829526423573,947.8758182503641
2024-12-30,Well_2,37.215281828799675,1110.608021421442
2024-12-31,Well_2,39.998000743093876,939.527226753305
2025-01-01,Well_2,31.42583621801387,1045.733665721637
2025-01-02,Well_2,43.6811259757894,1004.3151074174974
2025-01-03,Well_2,37.775695855841334,1169.9842566556383
2025-01-04,Well_2,39.385541075374995,906.2777386233907
2025-01-05,Well_2,34.89936448375903,994.5121063051743
2025-01-06,Well_2,29.461927730978687,940.3791152864699
2025-01-07,Well_2,35.402642613061346,1193.0010982257188
2025-01-08,Well_2,49.16734601936312,1109.016900526275
2025-01-09,Well_2,39.37181589486422,1126.679912776403
2025-01-10,Well_2,41.11079382680633,1082.0346511024295
2025-01-11,Well_2,42.02450556333651,1109.7070084284699
2025-01-12,Well_2,31.152448043004817,1031.6453310399029
2025-01-13,Well_2,39.840037815120546,923.2897073663855
2025-01-14,Well_2,34.28298722324065,1061.256726415895
2025-01-15,Well_2,38.17321852271791,894.8347970936869
2025-01-16,Well_2,37.970124400504965,1079.4674670624765
2025-01-17,Well_2,34.289580058213474,1089.1262505828583
2025-01-18,Well_2,43.68048544471317,1274.946907795441
2025-01-19,Well_2,42.72593595796537,979.1160042260384
2025-01-20,Well_2,44.38417866243668,1029.1266144606655
2025-01-21,Well_2,37.66975406567857,1100.0466661918929
2025-01-22,Well_2,37.561669378788054,1074.949551638928
2025-01-23,Well_2,42.073933683818105,1134.754238506805
2025-01-24,Well_2,46.69728307477157,1156.6528811213595
2025-01-25,Well_2,35.50729875531874,952.1444924120701
2025-01-26,Well_2,44.24303840773775,1031.559002195776
2025-01-27,Well_2,49.64080208665883,898.5934883945565
2025-01-28,Well_2,37.236854149197335,999.4472436980243
2025-01-29,Well_2,43.31004997422613,1233.4875579398768
2025-01-30,Well_2,41.00858166430928,1134.2397039414782
2025-01-31,Well_2,40.03625772408893,1040.828317203005
2025-02-01,Well_2,42.151140091195394,1011.3278464081325
2025-02-02,Well_2,49.6482691623318,1102.9523261170837
2025-02-03,Well_2,43.537986957798545,1215.557099762314
2025-02-04,Well_2,43.82057905333517,1049.8126794414513
2025-02-05,Well_2,40.995519246260784,1101.610260404642
2025-02-06,Well_2,39.22042510211703,1114.2992422986858
2025-02-07,Well_2,39.2107876236275,1052.589598145264
2025-02-08,Well_2,41.48399404339154,1127.442729775753
2025-02-09,Well_2,35.00802251244306,900.2752628525197
2025-02-10,Well_2,36.957851195931966,1040.2610179958367
2025-02-11,Well_2,38.77257961812392,1107.8826317273997
2025-02-12,Well_2,39.93951607002061,975.4024517572151
2025-02-13,Well_2,44.70976344918148,1112.950219470684
2025-02-14,Well_2,37.07641600556141,970.1005205524027
2025-02-15,Well_2,45.65807120003891,1103.8111085463995
2025-02-16,Well_2,49.83824470711061,1130.9753536183678
2025-02-17,Well_2,35.64612775595215,1179.3209511043806
2025-02-18,Well_2,49.77428617218164,1177.1083093165962
2025-02-19,Well_2,52.34998796078684,1266.693526119951
2025-02-20,Well_2,47.46887124421981,1095.1816584877952
2025-02-21,Well_2,49.001780236119956,1017.4641209428677
2025-02-22,Well_2,53.61317966569919,1144.8616730175618
2025-02-23,Well_2,32.302730711936114,1147.0375434750467
2025-02-24,Well_2,44.821752491955,1160.4654133408985
2025-02-25,Well_2,42.89410850347239,1124.5961133837095
2025-02-26,Well_2,49.595707677152184,1041.3587610883292
2025-02-27,Well_2,43.73723002343487,1280.6750819035121
2025-02-28,Well_2,47.429312657187765,1024.9522700612906
2025-03-01,Well_2,42.04086204379099,1313.8172545040227
2025-03-02,Well_2,51.27632328388429,1261.562723644575
2025-03-03,Well_2,39.69766851002238,1171.6095956241686
2025-03-04,Well_2,46.92099341754011,1032.0900722430542
2025-03-05,Well_2,43.488870822228066,1039.0074992924572
2025-03-06,Well_2,44.375990729808024,1164.5814074358334
2025-03-07,Well_2,48.006936994510816,1216.2150518112994
2025-03-08,Well_2,48.56138205794336,1204.7241998924778
2025-03-09,Well_2,57.93357487638807,1279.0152421923335
2025-03-10,Well_2,42.508809305386116,1076.321026900958
2025-03-11,Well_2,37.72705682161677,1127.6438561516193
2025-03-12,Well_2,46.7664115278117,1186.3785210333078
2025-03-13,Well_2,38.84980580012998,1299.5726385628477
2025-03-14,Well_2,47.05142627797356,1357.3320844667314
2025-03-15,Well_2,50.38649030850651,1241.4349550516995
2025-03-16,Well_2,49.385302194676385,1147.500872336959
2025-03-17,Well_2,46.42726578252132,1206.8901924987858
2025-03-18,Well_2,46.86855053871373,1185.9554343067507
2025-03-19,Well_2,47.34694626081887,1198.7653234479872
2025-03-20,Well_2,48.570685853722935,1117.8528819210426
2025-03-21,Well_2,46.798656253457345,1130.0764383914475
2025-03-22,Well_2,48.13147332411059,1144.017942125122
2025-03-23,Well_2,46.4616240481624,1295.5571905028646
2025-03-24,Well_2,49.17937254077824,1275.0281038684936
2025-03-25,Well_2,53.259133778394705,1416.7024859452417
2025-03-26,Well_2,56.93699122140496,1116.9087602044601
2025-03-27,Well_2,55.569850078738895,1158.8752650807253
2025-03-28,Well_2,48.80126462946478,1296.3458502959495
2025-03-29,Well_2,53.69234817353516,1077.677552197044
2025-03-30,Well_2,55.541396828868685,1058.357805493336
2025-03-31,Well_2,49.78739607454178,1170.8322491010988
2025-04-01,Well_2,50.069185680496545,1062.5222612756047
2025-04-02,Well_2,53.03532126151804,1463.5826886502148
2025-04-03,Well_2,55.78749942228154,1374.2417417369434
2025-04-04,Well_2,49.73043710824172,1343.5144368929555
2025-04-05,Well_2,49.66460160026754,1204.448259688365
2025-04-06,Well_2,50.4238037500494,1025.6130542559076
2025-04-07,Well_2,46.04631383664658,1218.128033757774
2025-04-08,Well_2,43.77971049631092,1077.8848491109236
2025-04-09,Well_2,63.68766690426787,1212.2704211268876
2025-04-10,Well_2,55.384259207695266,1178.951177480308
2025-04-11,Well_2,52.284142543963064,1102.6341417937922
2025-04-12,Well_2,46.86314706467742,1163.173583511079
2025-04-13,Well_2,49.48562965465181,1270.8336750207695
2025-04-14,Well_2,53.994324556577084,1276.6517473456597
2025-04-15,Well_2,50.23818279143415,1290.148210712915
2025-04-16,Well_2,55.579483792888745,1306.82302475391
2025-04-17,Well_2,52.822279622137565,1306.6016986697969
2025-04-18,Well_2,59.81358339412262,1294.2998487104487
2025-04-19,Well_2,59.32829449367282,1222.7224800324354
2025-04-20,Well_2,45.53945740369839,1236.3300915816167
2025-04-21,Well_2,49.045953449170625,1269.3321286866078
2025-04-22,Well_2,48.419286660481696,1267.3636378215972
2025-04-23,Well_2,55.971319935843134,1444.8605205027798
2025-04-24,Well_2,58.434782628303005,1441.9412451966386
2025-04-25,Well_2,52.851550777815916,1410.7111934774466
2025-04-26,Well_2,58.30424448853049,1117.4510063355501
2025-04-27,Well_2,48.222101854637394,1256.2149110271762
2025-04-28,Well_2,41.06548150517435,1111.0034768002304
2025-04-29,Well_2,50.47279839235435,1296.4198226981798
2025-04-30,Well_2,53.38118089451932,1342.176511553226
2025-05-01,Well_2,56.219914369746846,1352.6518664218127
2025-05-02,Well_2,55.11304000933251,1215.6882648478963
2025-05-03,Well_2,49.44433664861597,1138.1829404490481
2025-05-04,Well_2,54.96845835157508,1203.2874592890075
2025-05-05,Well_2,46.687800724138945,1200.285864937753
2025-05-06,Well_2,48.45241630118725,1283.393849898227
2025-05-07,Well_2,60.31807224066763,1148.2298193567412
2025-05-08,Well_2,58.83437272531493,1384.0549648750193
2025-05-09,Well_2,53.65276216884699,1419.0099084993574
2025-05-10,Well_2,63.910840113991185,1256.2828606009077
2025-05-11,Well_2,55.78993650177367,1296.7455203761313
2025-05-12,Well_2,55.38530475453767,1377.8977782291845
2025-05-13,Well_2,57.906828234006184,1201.8364003460495
2025-05-14,Well_2,51.76628811523498,1241.422843473654
2025-05-15,Well_2,52.94869042425385,1191.4552836053913
2025-05-16,Well_2,55.14142304989181,1315.3121866036233
2025-05-17,Well_2,55.14808985673735,1241.8241777128196
2025-05-18,Well_2,49.55297361678831,1275.6212533514
2025-05-19,Well_2,63.84938608712876,1340.845764753852
2025-05-20,Well_2,45.40489016288428,1400.6112934846758
2025-05-21,Well_2,62.84714463409353,1227.6036805952406
2025-05-22,Well_2,64.76533698853775,1194.1192782028131
2025-05-23,Well_2,54.59534291598464,1373.6247534162974
2025-05-24,Well_2,58.099852510569214,1179.5881166227857
2025-05-25,Well_2,56.99685209395008,1296.3678772892608
2025-05-26,Well_2,52.57249378228379,1458.2134313372378
2025-05-27,Well_2,59.171252895553245,1347.661617921127
2025-05-28,Well_2,51.67156371035301,1190.7731882048738
2025-05-29,Well_2,60.530003327814974,1270.3490075604689
2025-05-30,Well_2,67.56862588496455,1245.2663684176737
2025-05-31,Well_2,54.09255716448894,1422.8274471969194
2025-06-01,Well_2,59.02060255494209,1227.4866566369458
2025-06-02,Well_2,60.36117635995588,1522.8572284760871
2025-06-03,Well_2,52.96464676966032,1339.8786363905526
2025-06-04,Well_2,67.17340851246043,1294.9363759704904
2025-06-05,Well_2,56.65966760027812,1315.3465760551317
2025-06-06,Well_2,62.77005129580857,1500.813724000066
2025-06-07,Well_2,57.12663742214599,1272.1551741640385
2025-06-08,Well_2,65.52881907899972,1336.6069897705534
2025-06-09,Well_2,54.194400396010266,1326.8272900220893
2025-06-10,Well_2,56.0141636171012,1219.74416876059
2025-06-11,Well_2,52.16107026794251,1387.7313346272545
2025-06-12,Well_2,55.29334562437154,1504.1148874899932
2025-06-13,Well_2,64.01380256067287,1357.4801492632655
2025-06-14,Well_2,57.26284761149041,1298.035640578588
2025-06-15,Well_2,60.791031466356785,1254.1613852788976
2025-06-16,Well_2,53.182537888450895,1404.5494020095935
2025-06-17,Well_2,60.87452084387297,1354.050078818454
2025-06-18,Well_2,60.51253769829856,1510.57188480332
2025-06-19,Well_2,62.396213047253426,1501.2350036579255
2025-06-20,Well_2,70.85810069458134,1416.3401456968127
2025-06-21,Well_2,62.39193555318845,1423.7391582990642
2025-06-22,Well_2,61.1244131902802,1562.2067538827296
2025-06-23,Well_2,58.80534905930399,1311.0715932102528
2025-06-24,Well_2,55.47623311471417,1522.500486821976
2025-06-25,Well_2,63.69280459590872,1323.7090783335373
2025-06-26,Well_2,58.003236432894106,1409.4419367136215
2025-06-27,Well_2,68.14651233301184,1134.3900062241005
2025-06-28,Well_2,68.52634053320965,1638.0016454194574
2025-06-29,Well_2,53.90951415970968,1449.7839228665887
2025-06-30,Well_2,58.05841927191581,1225.0798956964236
2025-07-01,Well_2,60.45581353113953,1357.1530049490436
2025-07-02,Well_2,65.80075716910714,1322.0959156527988
2025-07-03,Well_2,66.72997267967209,1689.2033871847898
2025-07-04,Well_2,65.93390719320064,1576.092303784435
2025-07-05,Well_2,64.67108482094068,1345.327502937471
2025-07-06,Well_2,71.51000296172472,1414.486385364249
2025-07-07,Well_2,63.01224867883336,1446.8224190846065
2025-07-08,Well_2,57.06404792998255,1556.6948859037254
2025-07-09,Well_2,66.26177075645927,1403.6218966217668
2025-07-10,Well_2,71.9935147557698,1259.3139754867773
2025-07-11,Well_2,63.82775224630229,1389.675055734169
2025-07-12,Well_2,63.46515384397144,1414.9565371595372
2025-07-13,Well_2,73.70906030141627,1563.0650543974043
2025-07-14,Well_2,66.68127958467979,1462.5169461508415
2025-07-15,Well_2,66.29681248357852,1481.672056300306
2025-07-16,Well_2,66.3392466959788,1538.3958382592905
2025-07-17,Well_2,54.482763719423076,1449.6796580785253
2025-07-18,Well_2,57.28734845736776,1480.6897885024637
2025-07-19,Well_2,70.05070892505822,1413.3087713486002
2025-07-20,Well_2,75.40100750541984,1373.7313168543496
2025-07-21,Well_2,72.17459460618842,1439.805754205988
2025-07-22,Well_2,62.303410433066965,1302.4330382153262
2025-07-23,Well_2,78.7013507367946,1617.5598909018759
2025-07-24,Well_2,69.99318006266326,1607.7267242459038
2025-07-25,Well_2,68.02663248448454,1304.691095337212
2025-07-26,Well_2,66.70673992865437,1279.873640434369
2025-07-27,Well_2,62.0286030180598,1517.6042917576378
2025-07-28,Well_2,67.05853175027029,1527.4931816049432
2025-07-29,Well_2,68.59935302719893,1338.798150729168
2025-07-30,Well_2,65.65219114203364,1410.9816099235454
2025-07-31,Well_2,61.99903741653657,1518.5954544740443
2025-08-01,Well_2,70.92110651521682,1556.5210821521166
2025-08-02,Well_2,59.17920253214004,1422.4414474709195
2025-08-03,Well_2,65.21475209127517,1490.2479664717182
2025-08-04,Well_2,69.72306393782202,1474.18311102541
2025-08-05,Well_2,68.26339910015294,1586.8264142585278
2025-08-06,Well_2,65.13941447958456,1442.5583967582486
2025-08-07,Well_2,60.7276278076176,1445.9950665506024
2025-08-08,Well_2,57.28834708052386,1381.0096656729022
2025-08-09,Well_2,73.580858667354,1452.7421463977953
2025-08-10,Well_2,63.080767542283425,1351.9985048366602
2025-08-11,Well_2,75.44670693131015,1491.2792516624993
2025-08-12,Well_2,65.76698009863519,1425.1458855848161
2025-08-13,Well_2,70.99994789756096,1371.93515801545
2025-08-14,Well_2,74.27956590684228,1652.8574715155144
2025-08-15,Well_2,71.25662942111038,1393.894329891402
2025-08-16,Well_2,74.81209537687666,1564.1485166485265
2025-08-17,Well_2,68.01638897689853,1441.802260099512
2025-08-18,Well_2,67.37286359478327,1589.2441817321562
2025-08-19,Well_2,64.32229318069311,1482.275660854743
2025-08-20,Well_2,69.31588367031843,1534.5916255091001
2025-08-21,Well_2,73.62419981688306,1709.9241231055012
2025-08-22,Well_2,75.55479961524658,1519.5777931554055
2024-08-23,Well_3,25.26138693441927,814.4797652509561
2024-08-24,Well_3,19.619307564225334,756.0009086741065
2024-08-25,Well_3,12.510618736057399,738.79692023533
2024-08-26,Well_3,13.890831468048706,829.3671537061848
2024-08-27,Well_3,34.316498891884365,846.9471972791296
2024-08-28,Well_3,38.10308864545339,879.3413471219718
2024-08-29,Well_3,11.236776015943517,780.503070182573
2024-08-30,Well_3,18.416510921634988,744.3479201936548
2024-08-31,Well_3,22.644737800274584,810.8735336007142
2024-09-01,Well_3,14.71202432479147,859.9933431841455
2024-09-02,Well_3,22.658009194715596,749.1427628828304
2024-09-03,Well_3,29.697782826014357,849.084792655941
2024-09-04,Well_3,28.021426295860493,944.533173765989
2024-09-05,Well_3,28.51424558461704,712.410191052708
2024-09-06,Well_3,14.02972387569368,948.7543135037383
2024-09-07,Well_3,28.00725392745848,800.5961332495585
2024-09-08,Well_3,33.69483171207657,741.3585409875119
2024-09-09,Well_3,21.499193437719693,827.8416249190956
2024-09-10,Well_3,21.694707898211348,875.009113474291
2024-09-11,Well_3,18.37457740302387,781.1993288759901
2024-09-12,Well_3,19.411135593230394,820.9335902716039
2024-09-13,Well_3,27.909380380584928,1040.4486612631633
2024-09-14,Well_3,22.49116807570118,512.0286638247228
2024-09-15,Well_3,22.514169841532578,1036.5989412920505
2024-09-16,Well_3,21.687138405057986,778.9873798104899
2024-09-17,Well_3,20.657672898173175,920.5764470424788
2024-09-18,Well_3,22.209699191229962,734.8502505206899
2024-09-19,Well_3,21.098509475018666,751.959498603502
2024-09-20,Well_3,25.910576877907236,939.0700621777763
2024-09-21,Well_3,22.022482756287708,825.1070118041666
2024-09-22,Well_3,30.783682860068318,950.7036768520431
2024-09-23,Well_3,20.82770371076156,919.35679213973
2024-09-24,Well_3,21.557026924471444,806.0823863760957
2024-09-25,Well_3,25.12577856933183,985.7787929608043
2024-09-26,Well_3,23.510641089302222,885.8201477745769
2024-09-27,Well_3,28.730011549728573,688.8511020064016
2024-09-28,Well_3,18.56512417087287,613.2449558015534
2024-09-29,Well_3,27.106893647769937,836.4446325377045
2024-09-30,Well_3,31.3458170636175,744.8169101599218
2024-10-01,Well_3,19.901407863593782,902.973870269573
2024-10-02,Well_3,32.70018619737053,860.5605839031105
2024-10-03,Well_3,18.570454023955165,955.0439192128345
2024-10-04,Well_3,28.708275299802366,774.8308581777721
2024-10-05,Well_3,19.288342935461518,888.9544319690772
2024-10-06,Well_3,28.3045814576893,934.4542852211108
2024-10-07,Well_3,29.44976519821882,787.836093847333
2024-10-08,Well_3,21.125230746040845,899.7416133141327
2024-10-09,Well_3,20.509132638210396,912.9455384589505
2024-10-10,Well_3,22.63472036193182,816.7225404202668
2024-10-11,Well_3,27.790825362927045,816.9184532703348
2024-10-12,Well_3,26.623765179706602,774.8112581829067
2024-10-13,Well_3,23.895557983064624,823.7765158208364
2024-10-14,Well_3,23.91784727845547,886.4196488917569
2024-10-15,Well_3,23.58265028932165,785.5827537454529
2024-10-16,Well_3,28.97801327246936,929.4362775019506
2024-10-17,Well_3,22.72260901908206,1016.6054871607388
2024-10-18,Well_3,26.18904632515178,920.6855983629293
2024-10-19,Well_3,27.26723526234966,801.337122887704
2024-10-20,Well_3,28.032208944041802,929.9187763683871
2024-10-21,Well_3,26.245939767039697,927.5357694656753
2024-10-22,Well_3,20.36924132831226,1152.4002700113458
2024-10-23,Well_3,37.593317988447254,916.7605877563373
2024-10-24,Well_3,35.21742963987062,854.0191615852896
2024-10-25,Well_3,27.574316275969323,1038.1127383701644
2024-10-26,Well_3,32.43278388895105,1037.8374738922007
2024-10-27,Well_3,23.23861887598348,753.051257870773
2024-10-28,Well_3,26.659468826222078,924.7792379749499
2024-10-29,Well_3,23.377561196677732,979.8868661550553
2024-10-30,Well_3,24.464444022635835,851.9091696503112
2024-10-31,Well_3,33.79193806162593,987.3527788050545
2024-11-01,Well_3,23.084396444428435,933.6080022870595
2024-11-02,Well_3,29.498157386870425,843.8564246680733
2024-11-03,Well_3,30.490499518618197,1004.3812688564637
2024-11-04,Well_3,33.98269862895872,897.8488039105599
2024-11-05,Well_3,24.43018570526456,736.3276505939882
2024-11-06,Well_3,32.644703951669634,905.507969280045
2024-11-07,Well_3,31.73496460494708,1108.646569411493
2024-11-08,Well_3,29.92080608838628,1029.732545921363
2024-11-09,Well_3,34.54411773604991,1093.4562902886805
2024-11-10,Well_3,27.76711246989357,1058.504427927505
2024-11-11,Well_3,30.351125280869052,1007.5988470820569
2024-11-12,Well_3,34.1736486537996,950.2783117183438
2024-11-13,Well_3,32.22103089104895,833.9945742594391
2024-11-14,Well_3,34.22163390831859,967.2332026404663
2024-11-15,Well_3,34.27963104688396,1071.968907501876
2024-11-16,Well_3,35.718882781010265,984.5374796371649
2024-11-17,Well_3,40.91379589963578,1115.9405654291456
2024-11-18,Well_3,31.989201824239743,946.3470817412192
2024-11-19,Well_3,33.65046435368644,992.1114329806205
2024-11-20,Well_3,30.843384958084194,922.1890066362353
2024-11-21,Well_3,24.143494929991775,1073.036031330206
2024-11-22,Well_3,39.876582403582475,1094.0068241328447
2024-11-23,Well_3,33.91073933881773,812.0005905775697
2024-11-24,Well_3,26.528932972070905,1046.0234339642404
2024-11-25,Well_3,32.49503155806196,887.8587594117139
2024-11-26,Well_3,24.239624710668622,959.8111845377402
2024-11-27,Well_3,28.43696847101778,952.4056526017432
2024-11-28,Well_3,35.90418586645277,1015.8195819759005
2024-11-29,Well_3,24.641480267787145,1000.33654847441
2024-11-30,Well_3,37.427862443982846,1031.4640099843575
2024-12-01,Well_3,30.971687517598284,992.3410386382991
2024-12-02,Well_3,32.99196707635804,1049.214160574463
2024-12-03,Well_3,34.142349809995245,835.8765609685382
2024-12-04,Well_3,34.88525105475528,803.6595674380383
2024-12-05,Well_3,31.852579506419364,1023.7663795469191
2024-12-06,Well_3,33.25524812688906,818.3141113441318
2024-12-07,Well_3,40.23543126656312,1049.6942204128284
2024-12-08,Well_3,33.026054699139046,1082.8771564513718
2024-12-09,Well_3,32.537979284195416,1013.1346413803943
2024-12-10,Well_3,42.53863598338821,1018.1694800623666
2024-12-11,Well_3,41.905855962395954,987.2154865592804
2024-12-12,Well_3,40.40086628964995,1040.9880638615637
2024-12-13,Well_3,38.450049237538956,915.1361730942999
2024-12-14,Well_3,35.77388347385759,1019.3438838395259
2024-12-15,Well_3,32.02546304768591,1046.195596803492
2024-12-16,Well_3,36.41883231384854,1118.7914241290655
2024-12-17,Well_3,30.433956797996476,1083.1934808006915
2024-12-18,Well_3,33.88252154182568,1027.4479670539913
2024-12-19,Well_3,38.19683357200924,1231.0033106715728
2024-12-20,Well_3,33.661649436944295,1149.506319981907
2024-12-21,Well_3,38.675306555872076,1020.1988657098201
2024-12-22,Well_3,39.675483339550226,874.4662703888442
2024-12-23,Well_3,33.21565174338665,912.4313541856411
2024-12-24,Well_3,44.23863178812007,1125.0901607242554
2024-12-25,Well_3,43.33241204685737,1055.7952055544145
2024-12-26,Well_3,32.69129173509799,932.9689273746552
2024-12-27,Well_3,32.19139920101293,836.0582425207429
2024-12-28,Well_3,28.903671468615997,1142.4048752378737
2024-12-29,Well_3,39.750632051240274,1136.4631418423319
2024-12-30,Well_3,42.39381637059871,943.9609272796517
2024-12-31,Well_3,38.33617376844906,1108.2708250650066
2025-01-01,Well_3,36.242686042365136,999.2257287467855
2025-01-02,Well_3,34.357830730033335,1021.498762630079
2025-01-03,Well_3,44.74383725844042,1060.919888385973
2025-01-04,Well_3,35.42932686229206,1022.6546818615244
2025-01-05,Well_3,40.38629573326283,970.1789450343085
2025-01-06,Well_3,39.44250219922681,1148.811503394204
2025-01-07,Well_3,33.74653627460261,1120.4828671116318
2025-01-08,Well_3,40.963499559826246,1134.1054520072535
2025-01-09,Well_3,39.13372713588036,1188.1371485684583
2025-01-10,Well_3,39.03848712433769,1151.6375495317127
2025-01-11,Well_3,45.762514856518635,1289.6692284767348
2025-01-12,Well_3,41.99138812247327,931.6186161144985
2025-01-13,Well_3,36.78607251355257,1150.3770529788846
2025-01-14,Well_3,36.64914978455143,1250.1779535605092
2025-01-15,Well_3,32.29017633390681,1140.7117649280515
2025-01-16,Well_3,40.24231037609315,1048.5585268349137
2025-01-17,Well_3,43.724900551219214,967.2783688079919
2025-01-18,Well_3,37.49120849303235,1079.1664478652128
2025-01-19,Well_3,40.68757415792025,1244.6381000849344
2025-01-20,Well_3,39.63823057803043,1134.5184453573765
2025-01-21,Well_3,23.312956247136484,1063.7464262315484
2025-01-22,Well_3,32.883061193432866,1180.0798836578513
2025-01-23,Well_3,38.74365464356093,1125.5374115254779
2025-01-24,Well_3,39.16065980109068,1343.311050704725
2025-01-25,Well_3,38.346128291215166,1085.6388858417306
2025-01-26,Well_3,52.93449638137839,1242.34707457907
2025-01-27,Well_3,39.085221777444154,1169.8818927853342
2025-01-28,Well_3,42.08561176758881,1142.7464163783704
2025-01-29,Well_3,37.62662561932323,1169.410802259339
2025-01-30,Well_3,38.96889810762345,1298.0481276210483
2025-01-31,Well_3,41.09049703958853,1027.9449934334289
2025-02-01,Well_3,43.894638027495404,1062.0014789312118
2025-02-02,Well_3,42.43084425197456,1014.660950707355
2025-02-03,Well_3,44.584891098335135,1096.3383246778685
2025-02-04,Well_3,48.00950654977822,1103.3742007957276
2025-02-05,Well_3,45.32107104292149,1183.9718167489355
2025-02-06,Well_3,39.82271766397554,1172.0740432844086
2025-02-07,Well_3,44.84827373762905,1310.5241932744984
2025-02-08,Well_3,33.41787498649621,1089.3282384163142
2025-02-09,Well_3,54.1525931789092,1205.0545969886064
2025-02-10,Well_3,40.05517174196882,1172.4057807767647
2025-02-11,Well_3,45.042525455461416,1274.7446744968472
2025-02-12,Well_3,31.71534338696261,940.421938927759
2025-02-13,Well_3,45.45986850699456,1092.3587462015319
2025-02-14,Well_3,49.828945758750386,1117.7331356517361
2025-02-15,Well_3,56.46836130621466,1118.432865396694
2025-02-16,Well_3,49.02607638733169,1084.1145863520921
2025-02-17,Well_3,48.65308175122463,1358.4910108957795
2025-02-18,Well_3,47.138316779856986,1159.2549978210575
2025-02-19,Well_3,51.41876777634603,989.1324425641124
2025-02-20,Well_3,42.45864036939532,1164.0736321009172
2025-02-21,Well_3,51.0194960589559,1072.546712063245
2025-02-22,Well_3,37.36462710725678,1298.2461374128443
2025-02-23,Well_3,44.44846565852616,916.1155185914588
2025-02-24,Well_3,38.01961608242505,1129.2261442606857
2025-02-25,Well_3,50.65246651699076,1181.4580997594328
2025-02-26,Well_3,48.396333122202094,1355.3748212361795
2025-02-27,Well_3,44.23343711317051,1426.182163703012
2025-02-28,Well_3,43.906586910540966,1098.9036121958563
2025-03-01,Well_3,43.40859836693844,1166.7081869482508
2025-03-02,Well_3,40.356171269837645,1119.0864078466088
2025-03-03,Well_3,45.45045234047496,1297.1934831666267
2025-03-04,Well_3,43.1140342385598,1173.0624598534393
2025-03-05,Well_3,47.37062698821877,1098.9342195943543
2025-03-06,Well_3,40.65421591097916,1130.1607510419992
2025-03-07,Well_3,46.411530415279714,1253.0756642742376
2025-03-08,Well_3,36.456682676104776,1158.2531264856775
2025-03-09,Well_3,48.31888611705183,1237.0166941491038
2025-03-10,Well_3,47.350817643316276,1205.246198433542
2025-03-11,Well_3,47.04814531876007,1053.204107688201
2025-03-12,Well_3,53.247051160571154,1302.0044974596476
2025-03-13,Well_3,43.72281184533443,1102.0198604837005
2025-03-14,Well_3,40.94229673578735,1127.759907343468
2025-03-15,Well_3,47.28372152621183,1214.360258206697
2025-03-16,Well_3,50.85708240074292,1303.06331751361
2025-03-17,Well_3,45.283553629276305,1150.1175010856043
2025-03-18,Well_3,51.13564484161211,1100.2588897339165
2025-03-19,Well_3,53.2871562142628,1112.1997556637245
2025-03-20,Well_3,45.087218010931956,1105.7074488251853
2025-03-21,Well_3,43.58785314029502,1219.5520930043363
2025-03-22,Well_3,46.320139242535724,1002.1968737403919
2025-03-23,Well_3,50.52021006559938,1145.099832792972
2025-03-24,Well_3,57.9486263974267,1232.138970897741
2025-03-25,Well_3,53.60264629890249,1259.9875509200992
2025-03-26,Well_3,47.465512379999154,1233.4520995419955
2025-03-27,Well_3,49.99215131563359,1003.5786473886394
2025-03-28,Well_3,52.26128343263136,1124.9314205242551
2025-03-29,Well_3,46.04282650945775,1224.386191028919
2025-03-30,Well_3,56.72320350992928,1332.863185309391
2025-03-31,Well_3,50.70933872708424,1359.0903649197267
2025-04-01,Well_3,56.680264034191765,1394.6821538817737
2025-04-02,Well_3,51.68164403655678,1140.8809755295772
2025-04-03,Well_3,55.14340412236676,1285.0394216076525
2025-04-04,Well_3,56.87533252367402,1314.9787993088032
2025-04-05,Well_3,49.806318743716005,1058.5748039960401
2025-04-06,Well_3,53.489419337769775,1228.6181718447597
2025-04-07,Well_3,49.271191829194755,1229.3218353901811
2025-04-08,Well_3,44.94982273650495,1272.2261144822953
2025-04-09,Well_3,58.88014637309354,1200.7162929347808
2025-04-10,Well_3,59.48104863459002,1432.669197398743
2025-04-11,Well_3,51.26488012099705,1289.1807339900463
2025-04-12,Well_3,57.15308984190196,1148.7127716185712
2025-04-13,Well_3,53.5560772058513,1268.792897985029
2025-04-14,Well_3,41.579266300523635,1205.02205279933
2025-04-15,Well_3,50.7094117096241,1321.3414189195446
2025-04-16,Well_3,54.0496941880128,994.6304596333027
2025-04-17,Well_3,45.58378591479353,1294.4065293776196
2025-04-18,Well_3,51.592198907088125,1341.5258613153296
2025-04-19,Well_3,62.53630292094124,1151.9635199219497
2025-04-20,Well_3,47.62101889407559,1376.601080081662
2025-04-21,Well_3,43.467397365692925,1179.9158982603756
2025-04-22,Well_3,47.588511334099096,1366.7006842201786
2025-04-23,Well_3,58.662170419050604,1256.7922030571124
2025-04-24,Well_3,43.12486303111151,1345.015534561991
2025-04-25,Well_3,51.73146677605368,1194.9917051156278
2025-04-26,Well_3,55.84024819383659,1311.359478122653
2025-04-27,Well_3,59.447030007353575,1226.4677297109802
2025-04-28,Well_3,48.98814851919212,1398.9300988382026
2025-04-29,Well_3,52.93428931538671,1327.0738604619266
2025-04-30,Well_3,53.89516647101152,1230.160611932182
2025-05-01,Well_3,56.955344410572295,1213.1745276474555
2025-05-02,Well_3,65.13299091786278,1337.6870463834935
2025-05-03,Well_3,57.98854539307364,1274.733967290339
2025-05-04,Well_3,57.11571288393955,1272.5368051017679
2025-05-05,Well_3,52.894135565329776,1481.3418580825924
2025-05-06,Well_3,59.142837171707384,1417.47198441207
2025-05-07,Well_3,61.35999690747622,1414.0031156262007
2025-05-08,Well_3,54.0159988353813,1517.6806700855682
2025-05-09,Well_3,57.4422091241818,1291.1186239047154
2025-05-10,Well_3,59.36780146111958,1494.4075837672272
2025-05-11,Well_3,50.50225271447234,1285.2611459016728
2025-05-12,Well_3,58.143410216333436,1502.7686203964115
2025-05-13,Well_3,55.08493179263878,1360.604605056291
2025-05-14,Well_3,58.28845625927898,1406.5676436482822
2025-05-15,Well_3,51.04069796422913,1319.6087718022218
2025-05-16,Well_3,56.06493874985442,1368.0879943784219
2025-05-17,Well_3,49.57585056318272,1439.132704207338
2025-05-18,Well_3,56.28050881653909,1479.497918584589
2025-05-19,Well_3,62.435610243479935,1155.5102184116638
2025-05-20,Well_3,50.882077973968,1182.0771565994532
2025-05-21,Well_3,45.314218073758425,1352.6309204226477
2025-05-22,Well_3,55.253797434001136,1394.4257132610426
2025-05-23,Well_3,55.19220140250374,1354.8230422027848
2025-05-24,Well_3,58.81518133505536,1361.882256621262
2025-05-25,Well_3,57.17551737327242,1277.6019758343207
2025-05-26,Well_3,47.83958974962471,1225.6608235258389
2025-05-27,Well_3,62.05568094837418,1209.4553772951117
2025-05-28,Well_3,60.94362795654213,1275.8971744149337
2025-05-29,Well_3,61.72734162894816,1316.5948848682285
2025-05-30,Well_3,59.466424441595954,1244.9117483385526
2025-05-31,Well_3,52.22522744889289,1258.3848481322
2025-06-01,Well_3,65.25303120316147,1439.7290433675907
2025-06-02,Well_3,62.19570669611969,1292.0357581463245
2025-06-03,Well_3,59.51304312992394,1438.6196052545029
2025-06-04,Well_3,56.85895794565749,1119.8978138358407
2025-06-05,Well_3,57.54400655902043,1240.1254289535004
2025-06-06,Well_3,56.939912342845,1273.7381362726678
2025-06-07,Well_3,62.387095872682735,1363.3847216586807
2025-06-08,Well_3,52.32168256628969,1399.440453153311
2025-06-09,Well_3,53.42488738311606,1308.5152964402428
2025-06-10,Well_3,66.94882805762524,1495.934778340819
2025-06-11,Well_3,52.5256546110962,1223.6807786982047
2025-06-12,Well_3,61.02701214775158,1222.8408897858696
2025-06-13,Well_3,60.602480824194906,1300.4305899707683
2025-06-14,Well_3,60.287132182820045,1494.8999324196484
2025-06-15,Well_3,56.36081328080442,1405.0578355122018
2025-06-16,Well_3,62.784888442675545,1330.7685358828335
2025-06-17,Well_3,60.719518891194554,1480.743766678409
2025-06-18,Well_3,63.03774680626952,1522.449629647945
2025-06-19,Well_3,58.389011393883564,1487.9730484003571
2025-06-20,Well_3,60.84520760359854,1454.7841598258888
2025-06-21,Well_3,59.47183970549,1483.8385806467352
2025-06-22,Well_3,58.45800298275533,1337.6352208220446
2025-06-23,Well_3,63.071472554228336,1475.3542086581488
2025-06-24,Well_3,68.46878805422253,1245.912419469587
2025-06-25,Well_3,59.50368721331579,1418.1191275546755
2025-06-26,Well_3,61.070926593925336,1370.7234709095446
2025-06-27,Well_3,59.133321601838816,1586.7445886815578
2025-06-28,Well_3,62.666282563487535,1584.218719666003
2025-06-29,Well_3,60.47423587376981,1488.8483032927081
2025-06-30,Well_3,65.42025045946554,1427.4898270840392
2025-07-01,Well_3,64.42500000359924,1264.3251150146848
2025-07-02,Well_3,64.67047158508016,1353.7311018555858
2025-07-03,Well_3,62.44087040298054,1329.4021018895578
2025-07-04,Well_3,67.27769795988992,1366.2642291590864
2025-07-05,Well_3,65.73710196490589,1518.7024682653284
2025-07-06,Well_3,66.39713496683233,1545.1622482673743
2025-07-07,Well_3,64.9283547241035,1371.38027603019
2025-07-08,Well_3,60.740878159042374,1354.6979486264752
2025-07-09,Well_3,59.71487739123474,1399.9832900075899
2025-07-10,Well_3,58.308905471788925,1382.7434447889816
2025-07-11,Well_3,61.41945558765302,1551.8243943756777
2025-07-12,Well_3,56.99874092545208,1431.7483837045572
2025-07-13,Well_3,69.49043679763086,1350.68544924277
2025-07-14,Well_3,66.8838699737521,1407.2064258126768
2025-07-15,Well_3,67.3816551375011,1569.0038236366647
2025-07-16,Well_3,59.93189017518328,1482.6177819551694
2025-07-17,Well_3,71.74867870031785,1360.6404465309051
2025-07-18,Well_3,61.953192002952214,1382.1187706289697
2025-07-19,Well_3,68.72430457079744,1473.8609972986633
2025-07-20,Well_3,65.97139981122966,1648.275116663186
2025-07-21,Well_3,70.8555459039677,1530.3614417063557
2025-07-22,Well_3,65.95835728240841,1547.2025816323498
2025-07-23,Well_3,73.19494383212641,1496.273955874869
2025-07-24,Well_3,73.9195798834118,1345.1254131963303
2025-07-25,Well_3,62.85146925699324,1436.021599939234
2025-07-26,Well_3,72.54424242855184,1436.9996662651126
2025-07-27,Well_3,70.46874965286828,1325.679436319718
2025-07-28,Well_3,72.20016186787129,1487.3961239058983
2025-07-29,Well_3,61.623140149592416,1404.1737552239408
2025-07-30,Well_3,65.76004480581216,1382.7134199382942
2025-07-31,Well_3,67.1486286959264,1403.5689896650724
2025-08-01,Well_3,62.91391561615241,1552.6265296098397
2025-08-02,Well_3,65.56873359719818,1531.0230554519221
2025-08-03,Well_3,69.92643139952405,1653.7121352593506
2025-08-04,Well_3,67.96936034793471,1465.3310221106622
2025-08-05,Well_3,61.03296765454839,1450.8767753880693
2025-08-06,Well_3,69.33781856244438,1404.9819543996025
2025-08-07,Well_3,69.60607361387478,1562.2901249472504
2025-08-08,Well_3,70.01929995667703,1488.8614096101956
2025-08-09,Well_3,69.38377692621731,1406.5979405695334
2025-08-10,Well_3,62.44240463041765,1617.087052592044
2025-08-11,Well_3,63.735747911003756,1701.2710518097329
2025-08-12,Well_3,76.00964937541649,1457.072001674141
2025-08-13,Well_3,67.6632610719262,1491.3956103074333
2025-08-14,Well_3,67.24188008047025,1443.6809446206128
2025-08-15,Well_3,68.16426597687246,1366.2638042024007
2025-08-16,Well_3,67.86743564187411,1529.9538133795595
2025-08-17,Well_3,65.16483178157335,1329.552026916258
2025-08-18,Well_3,76.7611659488502,1549.4461090233326
2025-08-19,Well_3,65.75164039266986,1563.095859305972
2025-08-20,Well_3,66.18404144940924,1530.6415870191438
2025-08-21,Well_3,76.57600687140098,1346.5333084513072
2025-08-22,Well_3,64.70491708775172,1308.8959717922285
2024-08-23,Well_4,27.90322055271733,758.727810370744
2024-08-24,Well_4,10.0,830.7429903295163
2024-08-25,Well_4,21.387927773624043,1026.345002401694
2024-08-26,Well_4,25.238588735590234,888.8339085377246
2024-08-27,Well_4,25.21321377224375,939.200342634298
2024-08-28,Well_4,31.18506556854462,795.879308296071
2024-08-29,Well_4,19.571458136060432,929.7190559039573
2024-08-30,Well_4,12.27827522099223,772.4503142522638
2024-08-31,Well_4,19.083009109505586,782.1800840479033
2024-09-01,Well_4,14.972068825815814,888.6184684444961
2024-09-02,Well_4,10.0,753.5706243361526
2024-09-03,Well_4,22.78546003846984,922.1232830586717
2024-09-04,Well_4,14.865332396860314,854.2992358349641
2024-09-05,Well_4,19.780338538373158,795.6958651886565
2024-09-06,Well_4,20.14223895203456,774.5783186941927
2024-09-07,Well_4,29.238590770922023,838.6874657553406
2024-09-08,Well_4,29.784382993827407,925.7254756972309
2024-09-09,Well_4,26.29156924103921,969.5904990919103
2024-09-10,Well_4,22.869919921984668,944.7146577493588
2024-09-11,Well_4,30.40918123578856,802.7015724149666
2024-09-12,Well_4,18.565592611717086,1018.0685801413149
2024-09-13,Well_4,15.930437024720433,902.56649159785
2024-09-14,Well_4,23.52130933659299,824.8942591257858
2024-09-15,Well_4,17.560520847368636,1003.7479167519184
2024-09-16,Well_4,24.506726017363015,838.7877642210378
2024-09-17,Well_4,11.32408551015532,654.2399880661932
2024-09-18,Well_4,29.11298752725334,800.2943044417613
2024-09-19,Well_4,26.556547942488145,955.9097118448573
2024-09-20,Well_4,34.35824827917823,775.3634680867992
2024-09-21,Well_4,13.746070563403453,844.7719199174201
2024-09-22,Well_4,27.999101251490988,787.592324929311
2024-09-23,Well_4,26.88384872030731,772.5007278750802
2024-09-24,Well_4,28.66762488342389,888.6165496412901
2024-09-25,Well_4,21.693193125355634,770.6416061959733
2024-09-26,Well_4,33.00858464429296,638.8320595112498
2024-09-27,Well_4,22.413325484146128,863.475560141325
2024-09-28,Well_4,26.300656582992122,704.0705172457767
2024-09-29,Well_4,28.894588153835524,909.091823615275
2024-09-30,Well_4,18.244319615175215,1044.6614559015584
2024-10-01,Well_4,20.785180251332257,916.464618515142
2024-10-02,Well_4,23.649862280662465,870.4737435411246
2024-10-03,Well_4,28.64640684949204,995.7877778358616
2024-10-04,Well_4,24.557181585657645,827.1249678585466
2024-10-05,Well_4,26.723780639645653,798.3642732510539
2024-10-06,Well_4,24.440998429136364,803.1937612716108
2024-10-07,Well_4,26.36236024566149,744.256490832925
2024-10-08,Well_4,30.43664593526611,872.2858970559081
2024-10-09,Well_4,26.65663827285656,859.0571425193126
2024-10-10,Well_4,19.372022169988547,895.0915402101562
2024-10-11,Well_4,25.645726563548244,872.2672116327009
2024-10-12,Well_4,18.324438584725065,813.0478366868913
2024-10-13,Well_4,34.270267852673356,887.2793814742106
2024-10-14,Well_4,25.429049868075463,963.6319348379507
2024-10-15,Well_4,24.65752039879262,1101.5198561917712
2024-10-16,Well_4,27.918927964920346,890.5726274884839
2024-10-17,Well_4,19.398750837065265,930.5062184808143
2024-10-18,Well_4,24.887075523735206,974.5920744401458
2024-10-19,Well_4,31.80930068106263,951.0315796558356
2024-10-20,Well_4,22.39633023627306,697.2289670890306
2024-10-21,Well_4,29.508402576894255,974.6305021884251
2024-10-22,Well_4,15.870960634766899,954.5995426957569
2024-10-23,Well_4,30.32882835273776,928.7145544077466
2024-10-24,Well_4,26.99972971041982,945.8976357067702
2024-10-25,Well_4,25.971888747441227,877.6701333767635
2024-10-26,Well_4,35.17305993082031,1005.5510857742728
2024-10-27,Well_4,41.29098755786594,956.941594037935
2024-10-28,Well_4,23.711709554758027,935.0941544481182
2024-10-29,Well_4,26.294412214425247,1064.5129335279294
2024-10-30,Well_4,21.597958751993364,937.2012460699785
2024-10-31,Well_4,26.613065385070964,979.2938659116446
2024-11-01,Well_4,30.478573898574894,805.6212292775527
2024-11-02,Well_4,23.157345933825987,1115.0377317668338
2024-11-03,Well_4,23.612544842667006,1049.1522988831462
2024-11-04,Well_4,25.396868072941906,925.5543109378785
2024-11-05,Well_4,41.886960580153584,1019.0361988713796
2024-11-06,Well_4,32.1435922105928,916.0079293120779
2024-11-07,Well_4,21.979964214740512,937.8268513396071
2024-11-08,Well_4,21.560825171183502,926.2750597696768
2024-11-09,Well_4,35.44728844641679,840.0041552301465
2024-11-10,Well_4,24.597416878084182,977.1422932576668
2024-11-11,Well_4,25.241549732150006,882.982021641072
2024-11-12,Well_4,39.26717967950198,985.800148936567
2024-11-13,Well_4,26.971507127897844,987.8687841610785
2024-11-14,Well_4,40.13390320158592,1010.7980241412124
2024-11-15,Well_4,30.844419359571983,931.3344485637319
2024-11-16,Well_4,31.507569388300137,1000.3715688570317
2024-11-17,Well_4,28.7681800178065,996.9678611428516
2024-11-18,Well_4,33.75339232694224,952.5541535140809
2024-11-19,Well_4,31.233954965414043,854.4864783200301
2024-11-20,Well_4,38.614851600873266,1049.7800352797312
2024-11-21,Well_4,30.51769161187905,901.1643871097194
2024-11-22,Well_4,39.35215023435228,1099.874852925632
2024-11-23,Well_4,27.808665763948827,940.993713147747
2024-11-24,Well_4,34.58840525117547,844.6854313781309
2024-11-25,Well_4,29.982174929570313,984.6387088001223
2024-11-26,Well_4,24.679157203066417,1175.5876064715605
2024-11-27,Well_4,32.82672925433453,978.882027398857
2024-11-28,Well_4,26.897241454085165,1139.1667019868225
2024-11-29,Well_4,29.29673451475408,904.4338571344631
2024-11-30,Well_4,43.20679994361602,1057.9771097517182
2024-12-01,Well_4,43.82033280761677,1041.0169584179466
2024-12-02,Well_4,31.429910542307017,1075.3156726150487
2024-12-03,Well_4,33.579578164188945,880.3297193373987
2024-12-04,Well_4,30.623740999742306,1257.4405457724918
2024-12-05,Well_4,31.94905008781342,937.9181831314496
2024-12-06,Well_4,40.208316573842886,1017.0264247113146
2024-12-07,Well_4,33.23630692231438,926.593760418745
2024-12-08,Well_4,29.69581673097627,1007.9038032817888
2024-12-09,Well_4,33.7130070330649,858.8718714891614
2024-12-10,Well_4,37.81513951118151,1033.1215715595984
2024-12-11,Well_4,28.895299223233593,1058.907584711251
2024-12-12,Well_4,43.332392556639356,1050.0188623072274
2024-12-13,Well_4,33.84004260000203,1118.7415839093917
2024-12-14,Well_4,38.05088787314045,985.8829374143993
2024-12-15,Well_4,30.659963252871123,853.967022249201
2024-12-16,Well_4,33.7520777048172,1158.52477312055
2024-12-17,Well_4,36.32449046930321,907.7009361509037
2024-12-18,Well_4,30.912921820833382,1097.4068342965202
2024-12-19,Well_4,37.08190002459523,902.587696845546
2024-12-20,Well_4,38.10448389637574,996.74168765577
2024-12-21,Well_4,29.39053047440963,1246.6655981442418
2024-12-22,Well_4,33.31970720554651,1000.061191130017
2024-12-23,Well_4,41.19490895394001,1026.7725807436525
2024-12-24,Well_4,30.511550501771243,1097.39348397661
2024-12-25,Well_4,34.49857745463627,1150.6333160192876
2024-12-26,Well_4,48.592836187731905,864.0177938413572
2024-12-27,Well_4,37.14743307741677,1084.3841888179566
2024-12-28,Well_4,32.1339319204211,1015.3462700916914
2024-12-29,Well_4,44.03562038035683,907.1666097326993
2024-12-30,Well_4,37.08726574055349,1006.5448905165973
2024-12-31,Well_4,43.50475650271955,989.683577875579
2025-01-01,Well_4,43.156795428542296,1183.8742595073777
2025-01-02,Well_4,35.383892343846455,911.1060745697988
2025-01-03,Well_4,43.53494030600755,1135.7386524787712
2025-01-04,Well_4,33.88290798889702,1048.0744676418549
2025-01-05,Well_4,39.55368887787764,1170.940045540286
2025-01-06,Well_4,43.277060046309174,972.5032254207674
2025-01-07,Well_4,46.12099700210733,999.6755356704954
2025-01-08,Well_4,35.64010972538671,1038.4678229601832
2025-01-09,Well_4,45.70453980584739,952.8191449668532
2025-01-10,Well_4,34.34126216988386,1083.4348479553607
2025-01-11,Well_4,40.11036714132911,992.5688665430539
2025-01-12,Well_4,47.17803607209937,1084.9229024166373
2025-01-13,Well_4,43.204740647951375,1092.6477023411196
2025-01-14,Well_4,34.27243427968122,1057.8563280902488
2025-01-15,Well_4,35.68929491351239,1031.1682010923407
2025-01-16,Well_4,37.722250866455106,1175.7173801071992
2025-01-17,Well_4,42.03046224387049,1107.8218431589612
2025-01-18,Well_4,44.19981172385497,1053.6986305873568
2025-01-19,Well_4,37.21324869455666,1035.2180085629916
2025-01-20,Well_4,37.41348380037375,1254.7715822911377
2025-01-21,Well_4,33.53283829100273,1174.0994527170458
2025-01-22,Well_4,47.01594203754925,1044.8014474140523
2025-01-23,Well_4,44.306118808118654,997.1138594290609
2025-01-24,Well_4,35.72679156594196,1077.8084430332972
2025-01-25,Well_4,44.23123943641692,1031.1603482849248
2025-01-26,Well_4,37.66364872458545,1161.8723304974735
2025-01-27,Well_4,45.47504015948282,1087.7193787618692
2025-01-28,Well_4,38.448940973202575,1168.3312979812072
2025-01-29,Well_4,48.71057409465629,1142.1385838869203
2025-01-30,Well_4,40.72354858885804,1055.034768230375
2025-01-31,Well_4,48.704671385379946,1078.4250830572819
2025-02-01,Well_4,44.05798784353776,1214.7498383045659
2025-02-02,Well_4,34.613506584345465,1160.9774375030324
2025-02-03,Well_4,36.56322602545323,1066.5286927595205
2025-02-04,Well_4,47.04077463171558,894.797085157983
2025-02-05,Well_4,48.113913370791764,1258.0596330539138
2025-02-06,Well_4,50.66052256577003,1063.001397004612
2025-02-07,Well_4,49.91703408889993,1027.9601681408512
2025-02-08,Well_4,46.11088940503852,1171.9751991429432
2025-02-09,Well_4,38.73880312747831,1052.944139529259
2025-02-10,Well_4,46.81740235250942,1161.9215720560258
2025-02-11,Well_4,37.905252036569365,1009.6240718012202
2025-02-12,Well_4,46.86401172256676,981.3585755748982
2025-02-13,Well_4,38.302942064831925,942.4320934893894
2025-02-14,Well_4,45.53446259280136,1059.6635795222637
2025-02-15,Well_4,36.223753181444856,1185.674023083335
2025-02-16,Well_4,44.01005618525332,1017.0537412586602
2025-02-17,Well_4,36.298086752010036,1117.7646601119593
2025-02-18,Well_4,45.50368010241531,1214.1699803410258
2025-02-19,Well_4,45.48558553968411,1189.101450690238
2025-02-20,Well_4,50.44077424641833,1183.6491241830013
2025-02-21,Well_4,53.109301418139054,1279.9685739669694
2025-02-22,Well_4,42.0946826447608,1170.7944137300578
2025-02-23,Well_4,47.11278332833582,1231.401783481363
2025-02-24,Well_4,45.14948969310583,1218.9221053613828
2025-02-25,Well_4,43.85869255724996,1141.9446910310073
2025-02-26,Well_4,43.140605115094324,1160.2027526787062
2025-02-27,Well_4,52.526777819369784,981.2784671558928
2025-02-28,Well_4,42.262946838468274,1134.3450029569328
2025-03-01,Well_4,45.99789456290793,1186.9596501116118
2025-03-02,Well_4,48.12175621989252,1103.3994695347685
2025-03-03,Well_4,42.80549097907916,1272.501878727615
2025-03-04,Well_4,46.10164710637143,1133.4347794532202
2025-03-05,Well_4,47.1438754863843,1158.809608532661
2025-03-06,Well_4,44.772985485337855,1242.4387671569866
2025-03-07,Well_4,46.116816788688766,1311.8339197755008
2025-03-08,Well_4,44.912990011462036,1235.8146705799572
2025-03-09,Well_4,52.591494579948474,1078.7896667956875
2025-03-10,Well_4,50.55866826962495,1029.5535436111356
2025-03-11,Well_4,31.5730794347676,1210.9998887348559
2025-03-12,Well_4,50.15281224618943,1212.303127648794
2025-03-13,Well_4,50.49264230782643,1113.7000559379508
2025-03-14,Well_4,37.645673323732126,1193.8554295717715
2025-03-15,Well_4,43.673311639497236,823.2671167549748
2025-03-16,Well_4,43.37055698002272,1241.3406053060403
2025-03-17,Well_4,48.47684704501206,1177.1021138448848
2025-03-18,Well_4,49.54579658290516,1334.4365923164187
2025-03-19,Well_4,45.83002677621008,1365.448476826513
2025-03-20,Well_4,52.73669541303811,1205.549184227044
2025-03-21,Well_4,45.75162803199569,1322.1135680775815
2025-03-22,Well_4,47.5596832651742,1207.7267211508852
2025-03-23,Well_4,43.33889734915712,1329.7884764093346
2025-03-24,Well_4,51.997520666287706,1293.7681003661053
2025-03-25,Well_4,55.17652654490713,1037.6953988867203
2025-03-26,Well_4,52.50714145745714,1206.0901685116119
2025-03-27,Well_4,52.93206383025951,1279.7757994666913
2025-03-28,Well_4,55.71188750575429,1333.3506326031759
2025-03-29,Well_4,45.58738313802953,1339.5827773748122
2025-03-30,Well_4,41.35944274681219,1235.7826882453248
2025-03-31,Well_4,46.80492678887864,1402.2123203904855
2025-04-01,Well_4,51.04593691337076,1448.4238825471473
2025-04-02,Well_4,47.169817284312984,1219.5530236194465
2025-04-03,Well_4,46.7796111439431,1520.0470112517014
2025-04-04,Well_4,53.66542945394731,1159.4980681660663
2025-04-05,Well_4,51.717592653971764,1109.2010533364898
2025-04-06,Well_4,47.00281395790882,1211.6454319876145
2025-04-07,Well_4,41.713569865706205,1293.7432299767786
2025-04-08,Well_4,56.263311037730276,1160.5709386215403
2025-04-09,Well_4,51.69407269484782,1311.0285776123242
2025-04-10,Well_4,47.11080266126227,1198.4411253190501
2025-04-11,Well_4,50.39963446698084,1404.6248948920297
2025-04-12,Well_4,54.481879669682826,1167.2985409526893
2025-04-13,Well_4,52.32517541420304,1359.4600491396172
2025-04-14,Well_4,50.275834182713055,1205.2325011263085
2025-04-15,Well_4,54.39215954914134,1273.5854641620913
2025-04-16,Well_4,50.60422737184824,1207.8547976321804
2025-04-17,Well_4,56.998699195491696,1172.680434835526
2025-04-18,Well_4,50.38744374075189,1344.908898221986
2025-04-19,Well_4,50.044408946305026,1276.2265436084158
2025-04-20,Well_4,52.552940688316575,1029.4357113915435
2025-04-21,Well_4,55.13864814262061,1142.4753199007478
2025-04-22,Well_4,46.88369002362887,1253.8521546741972
2025-04-23,Well_4,52.22315478661883,1218.1080985444387
2025-04-24,Well_4,53.05516777314219,1297.9007220301978
2025-04-25,Well_4,62.71764005835559,1205.650051618354
2025-04-26,Well_4,59.66101047783896,1101.075746760351
2025-04-27,Well_4,54.60241175224085,1403.760189610738
2025-04-28,Well_4,49.47385185375437,1266.839144283622
2025-04-29,Well_4,53.327723267815735,1217.7835039409274
2025-04-30,Well_4,57.38071828022785,1379.8824139099822
2025-05-01,Well_4,49.95212452788823,1368.6114829751687
2025-05-02,Well_4,53.23463446578168,1408.3911286137482
2025-05-03,Well_4,61.82787625114375,1417.1308630192589
2025-05-04,Well_4,53.63990629944493,1149.9924397389673
2025-05-05,Well_4,56.07250330075616,1388.617742877438
2025-05-06,Well_4,52.67480018565271,1373.2227802685222
2025-05-07,Well_4,62.27240078870471,1377.403285791707
2025-05-08,Well_4,48.141592855521075,1552.9787839699866
2025-05-09,Well_4,59.9755851330104,1426.4993174993067
2025-05-10,Well_4,59.39932137811855,1271.0656593288386
2025-05-11,Well_4,52.202007465889295,1276.541616478711
2025-05-12,Well_4,50.503164239412804,1546.267760483193
2025-05-13,Well_4,59.92752535856862,1401.0820509073694
2025-05-14,Well_4,56.20563491425079,1402.6649719991015
2025-05-15,Well_4,58.375634885533785,1187.0327103359057
2025-05-16,Well_4,56.62883715563616,1444.401788120397
2025-05-17,Well_4,68.13536958186644,1140.9884457888131
2025-05-18,Well_4,52.801239077108356,1062.2170184876848
2025-05-19,Well_4,54.8822968317557,1213.3689993595326
2025-05-20,Well_4,48.28014971262735,1145.648340502793
2025-05-21,Well_4,57.86689229878894,1445.037218658685
2025-05-22,Well_4,55.5187075490528,1458.2859526076902
2025-05-23,Well_4,53.83920793283392,1338.3834223150147
2025-05-24,Well_4,56.20664856897545,1360.2091654620153
2025-05-25,Well_4,51.21297291183951,1371.3981928431015
2025-05-26,Well_4,55.28201438130052,1264.952470666987
2025-05-27,Well_4,61.13924553680482,1297.6619252467249
2025-05-28,Well_4,56.939722499922766,1295.0653154501583
2025-05-29,Well_4,58.01858480637585,1434.986231629152
2025-05-30,Well_4,58.4066172165236,1190.7207378477094
2025-05-31,Well_4,65.24216095939705,1240.3002873490236
2025-06-01,Well_4,57.87048838635528,1249.5422683083827
2025-06-02,Well_4,53.912838607505975,1411.5480061131898
2025-06-03,Well_4,58.69391607826618,1446.071224197757
2025-06-04,Well_4,62.54797594694827,1359.945821712091
2025-06-05,Well_4,64.53260169231555,1533.2026220346604
2025-06-06,Well_4,57.048457148454716,1369.9519313594406
2025-06-07,Well_4,57.7807093793421,1227.10842589497
2025-06-08,Well_4,70.16979000385155,1270.041738321726
2025-06-09,Well_4,63.01078799820485,1334.069612715476
2025-06-10,Well_4,58.45880062295263,1214.175438137953
2025-06-11,Well_4,61.89131417964852,1332.7843492462391
2025-06-12,Well_4,62.912733600889624,1444.1191458853843
2025-06-13,Well_4,64.35006655105492,1446.6561850379394
2025-06-14,Well_4,51.93602571884672,1516.644246607675
2025-06-15,Well_4,59.61848720848242,1276.5594868913465
2025-06-16,Well_4,72.95343145477499,1216.643990254193
2025-06-17,Well_4,57.81123422715164,1467.7999531761093
2025-06-18,Well_4,66.22161227257826,1423.8979655155622
2025-06-19,Well_4,60.0226917644091,1294.5639904756265
2025-06-20,Well_4,60.925480252870194,1257.2823699105045
2025-06-21,Well_4,56.3874324943384,1225.3629547605292
2025-06-22,Well_4,73.15778027661261,1403.793274552417
2025-06-23,Well_4,63.39188805915009,1427.1820389160591
2025-06-24,Well_4,70.4672089916377,1365.2649153360844
2025-06-25,Well_4,58.58673306314058,1375.433285552865
2025-06-26,Well_4,67.76688307521484,1294.4175391151036
2025-06-27,Well_4,65.24140511393847,1340.6527818567622
2025-06-28,Well_4,61.13133639335204,1403.415729373955
2025-06-29,Well_4,61.88499399629749,1425.0825282228288
2025-06-30,Well_4,59.43651786442501,1589.3228151727267
2025-07-01,Well_4,62.25293262190504,1494.4960195508954
2025-07-02,Well_4,59.23454613281326,1444.3187199295712
2025-07-03,Well_4,68.86915242127507,1349.2357387919508
2025-07-04,Well_4,68.5257558364819,1362.5253096466915
2025-07-05,Well_4,59.6477010772796,1363.565121961738
2025-07-06,Well_4,57.45153100126666,1255.1563913980544
2025-07-07,Well_4,58.70084252167352,1303.5159051951023
2025-07-08,Well_4,61.34789909466973,1180.5815364406878
2025-07-09,Well_4,68.99565460473119,1464.6521928606571
2025-07-10,Well_4,64.85347973061408,1617.2342915007252
2025-07-11,Well_4,58.215148956955645,1561.2198181348379
2025-07-12,Well_4,50.62983095942174,1460.621223182509
2025-07-13,Well_4,79.65382226440789,1522.8542464680834
2025-07-14,Well_4,68.42119401898822,1396.694335190822
2025-07-15,Well_4,67.234709802296,1394.7982525980356
2025-07-16,Well_4,65.08207383275467,1361.3644948048448
2025-07-17,Well_4,65.47053849318092,1427.8426003166132
2025-07-18,Well_4,67.1978514919809,1518.4096385878443
2025-07-19,Well_4,73.2610810948952,1427.4501619018247
2025-07-20,Well_4,59.69979263732283,1369.1457393308815
2025-07-21,Well_4,67.77906147893606,1414.7484706123387
2025-07-22,Well_4,68.58023566184421,1562.3328788131344
2025-07-23,Well_4,62.594517055039034,1319.36340746199
2025-07-24,Well_4,59.054797944931344,1475.7730355017154
2025-07-25,Well_4,63.258949871743006,1464.930182439448
2025-07-26,Well_4,62.867879383861016,1399.5438950131547
2025-07-27,Well_4,62.13104529490465,1403.388415390359
2025-07-28,Well_4,77.58014385896246,1390.0013686906552
2025-07-29,Well_4,62.632055581885666,1596.3832627544762
2025-07-30,Well_4,67.34347003231422,1405.6965420305478
2025-07-31,Well_4,66.31631526795047,1507.5099240366355
2025-08-01,Well_4,65.1071277164536,1540.8169927560805
2025-08-02,Well_4,52.36115139620382,1572.0322018931354
2025-08-03,Well_4,59.20393835224123,1664.5036435749423
2025-08-04,Well_4,71.8451650152934,1493.8978389652907
2025-08-05,Well_4,58.807400281744435,1524.232834991046
2025-08-06,Well_4,65.69405324371377,1468.4576363437386
2025-08-07,Well_4,65.05643181198474,1574.619530629745
2025-08-08,Well_4,73.0288747326782,1292.434364243478
2025-08-09,Well_4,71.0045803935935,1536.7945689414196
2025-08-10,Well_4,76.32737937487431,1632.0934621425613
2025-08-11,Well_4,74.88935774973713,1567.6024578993324
2025-08-12,Well_4,69.12823142924634,1317.9321530509067
2025-08-13,Well_4,71.79083186847747,1592.9573023399616
2025-08-14,Well_4,75.84587477403879,1394.6552175234435
2025-08-15,Well_4,66.55548209621794,1401.697071702245
2025-08-16,Well_4,72.55460950443768,1626.6919466097206
2025-08-17,Well_4,64.99257707736375,1538.510503730648
2025-08-18,Well_4,75.1963749078752,1429.727233031336
2025-08-19,Well_4,66.43474090361231,1512.086386168231
2025-08-20,Well_4,65.96715924106655,1396.6203443348704
2025-08-21,Well_4,73.41512854987,1602.6470313864806
2025-08-22,Well_4,72.37140655207625,1553.2679374804522
2024-08-23,Well_5,18.530130601149363,712.0304099142054
2024-08-24,Well_5,24.900450111405647,726.5750921527546
2024-08-25,Well_5,12.280524306914604,739.0690035750526
2024-08-26,Well_5,17.930470425090803,922.1449306475495
2024-08-27,Well_5,20.614345571739957,864.9528157199115
2024-08-28,Well_5,20.52642899490224,782.2824936515167
2024-08-29,Well_5,25.81279865883173,861.271641473244
2024-08-30,Well_5,24.964643921002285,632.9733487141008
2024-08-31,Well_5,22.23686434369728,948.2731619448286
2024-09-01,Well_5,25.866178629395442,905.761114628451
2024-09-02,Well_5,30.05242357833429,758.5082782404006
2024-09-03,Well_5,26.3550195163374,806.7825566477525
2024-09-04,Well_5,21.93646127457266,808.3008807285285
2024-09-05,Well_5,31.711437659109208,883.2826980901509
2024-09-06,Well_5,23.539468851548865,841.6578719096877
2024-09-07,Well_5,21.17721502713071,715.29429014415
2024-09-08,Well_5,23.46451771571581,894.7899721920935
2024-09-09,Well_5,18.087194391108255,845.4504854487544
2024-09-10,Well_5,22.90678726996206,913.5383172262866
2024-09-11,Well_5,19.9671090886071,812.0442412004563
2024-09-12,Well_5,21.832231608908785,829.2595490498111
2024-09-13,Well_5,28.336437193188047,689.8051884556685
2024-09-14,Well_5,16.411483502817095,814.1023691688089
2024-09-15,Well_5,21.253290909569575,882.5487114709042
2024-09-16,Well_5,23.93584276212489,774.0588174303876
2024-09-17,Well_5,13.569274723411564,829.7778405704963
2024-09-18,Well_5,16.38272473086314,706.6644648742576
2024-09-19,Well_5,19.664197419127024,974.6439477034407
2024-09-20,Well_5,28.77122703927188,933.0506807146759
2024-09-21,Well_5,16.5172407204627,717.372492052254
2024-09-22,Well_5,25.698604497406834,920.9827937400742
2024-09-23,Well_5,30.356686079042774,903.2585291187515
2024-09-24,Well_5,28.726709348465363,779.7880245642074
2024-09-25,Well_5,29.03962401866539,821.446116531148
2024-09-26,Well_5,21.689697253478002,833.7744528348244
2024-09-27,Well_5,24.81593633450997,899.4383366640561
2024-09-28,Well_5,25.226332929437877,789.2798971514806
2024-09-29,Well_5,24.39346638549279,749.1978671633312
2024-09-30,Well_5,23.731417390558992,868.6854236299848
2024-10-01,Well_5,26.698371397241594,821.8796440480908
2024-10-02,Well_5,25.695602062905323,802.7795921576003
2024-10-03,Well_5,21.12780291031733,765.0607917921511
2024-10-04,Well_5,31.31534655323636,981.1321355227919
2024-10-05,Well_5,22.884422987578628,833.5047467212557
2024-10-06,Well_5,23.24150256099196,790.6373645454827
2024-10-07,Well_5,25.525470429768124,897.5955281711189
2024-10-08,Well_5,19.624795501637102,677.9837053604052
2024-10-09,Well_5,26.08125260931968,771.7435053451782
2024-10-10,Well_5,22.142930144995375,744.4920797388122
2024-10-11,Well_5,31.027024541141188,744.9290390531824
2024-10-12,Well_5,23.14499660695627,893.2154697815002
2024-10-13,Well_5,23.405360761638125,867.6075333334865
2024-10-14,Well_5,28.71053287601498,832.9712310459367
2024-10-15,Well_5,26.950535975228664,1087.9856639589066
2024-10-16,Well_5,17.611472468546133,779.7325082082789
2024-10-17,Well_5,22.615503227627418,999.7243491260258
2024-10-18,Well_5,31.730494940889578,850.6954978837945
2024-10-19,Well_5,25.824333197905215,975.7188524190046
2024-10-20,Well_5,33.03450512407166,992.2927701482424
2024-10-21,Well_5,29.701585348285413,808.7648231876755
2024-10-22,Well_5,30.174005739654678,941.2205909147576
2024-10-23,Well_5,29.76402953358709,1210.5260661368925
2024-10-24,Well_5,36.48599128574242,1066.9421223138786
2024-10-25,Well_5,25.084517922325222,1118.2042374388361
2024-10-26,Well_5,28.152698520245433,897.4618118967693
2024-10-27,Well_5,31.858097665187913,914.8289348733132
2024-10-28,Well_5,35.28394076605362,966.2253767814535
2024-10-29,Well_5,32.92665669016339,738.3781569862717
2024-10-30,Well_5,28.55416734990719,851.7926045153542
2024-10-31,Well_5,28.935427922024516,1058.2122372213462
2024-11-01,Well_5,26.623065445302437,874.7610935859055
2024-11-02,Well_5,24.27097000835756,1078.693898443356
2024-11-03,Well_5,32.94078935973991,1029.4523489002518
2024-11-04,Well_5,32.01694176969732,952.2041231086944
2024-11-05,Well_5,33.0254574480541,1076.3590451298955
2024-11-06,Well_5,26.3613626727753,923.2429082903568
2024-11-07,Well_5,32.8467986741834,986.0030217585847
2024-11-08,Well_5,29.497551415663292,1032.493513277229
2024-11-09,Well_5,32.456939436074144,971.0139796479019
2024-11-10,Well_5,28.639010943990126,694.1014109473098
2024-11-11,Well_5,39.60793169251883,1025.6547724449656
2024-11-12,Well_5,27.066858723836813,1138.0282925326
2024-11-13,Well_5,29.21939275391727,939.3419265725673
2024-11-14,Well_5,29.82141564093402,1042.6116121461732
2024-11-15,Well_5,33.38828829459544,1000.2818360319025
2024-11-16,Well_5,35.74276551474699,1014.0053548830045
2024-11-17,Well_5,30.51978820983164,931.0436939330069
2024-11-18,Well_5,30.812042034772055,1020.4905102811364
2024-11-19,Well_5,34.39351017041016,1024.217018295284
2024-11-20,Well_5,35.154436766603375,826.4929132515938
2024-11-21,Well_5,42.817886965642586,1039.6109671257764
2024-11-22,Well_5,37.36563670821534,844.2185865770145
2024-11-23,Well_5,24.595388512921534,839.2169049658394
2024-11-24,Well_5,34.603171804004475,896.7663533394682
2024-11-25,Well_5,26.985491270038054,1139.2171185671002
2024-11-26,Well_5,31.32779163970767,965.8755291841447
2024-11-27,Well_5,29.029645151099444,1047.461981974108
2024-11-28,Well_5,31.27015632725332,843.8842670730796
2024-11-29,Well_5,32.49837226115155,1035.3048560530572
2024-11-30,Well_5,34.21098134998434,730.0587702539025
2024-12-01,Well_5,45.01582312919543,962.2842983725435
2024-12-02,Well_5,32.96461204365056,1050.880977605485
2024-12-03,Well_5,38.597847707871594,1087.9097203036101
2024-12-04,Well_5,35.76365862770065,1009.0285625706993
2024-12-05,Well_5,40.59313497756214,906.2596125209575
2024-12-06,Well_5,31.512635532540724,842.2562059063436
2024-12-07,Well_5,35.07011592225235,1072.3862552275978
2024-12-08,Well_5,33.28291953126814,1066.4226353081897
2024-12-09,Well_5,40.46174135468172,912.9463215344813
2024-12-10,Well_5,36.58455141559772,1194.2807434906817
2024-12-11,Well_5,35.647498993824264,948.5055365654946
2024-12-12,Well_5,38.976780068577945,1006.8392481105643
2024-12-13,Well_5,34.85757291223055,1032.4856746178027
2024-12-14,Well_5,28.78172871236304,1062.474663733259
2024-12-15,Well_5,34.8005896453558,1088.841563287297
2024-12-16,Well_5,32.721088707038106,1021.4608434066876
2024-12-17,Well_5,32.81042717257776,926.0310805450542
2024-12-18,Well_5,31.140288140521832,1070.6696870488468
2024-12-19,Well_5,34.81324210823016,1178.83677310886
2024-12-20,Well_5,39.49149647775523,958.2807363404331
2024-12-21,Well_5,34.75385569738967,730.9413660465473
2024-12-22,Well_5,27.88971703878424,1009.3841383086042
2024-12-23,Well_5,36.02363224071867,879.2141523780697
2024-12-24,Well_5,44.53150604538029,944.7954416121305
2024-12-25,Well_5,33.78090874742593,1012.893443769784
2024-12-26,Well_5,40.85344150045915,1010.2725136015554
2024-12-27,Well_5,42.25986955086988,1146.507298546584
2024-12-28,Well_5,38.95651837015003,1117.9961232764208
2024-12-29,Well_5,28.226327040774162,993.2412527142844
2024-12-30,Well_5,39.971052400662586,1175.8861836659926
2024-12-31,Well_5,36.396995747354815,1172.6831533937125
2025-01-01,Well_5,42.04980274388157,1174.7541938038526
2025-01-02,Well_5,34.887004175022696,918.2641981946795
2025-01-03,Well_5,41.12043846003195,940.7982013293397
2025-01-04,Well_5,27.51403959266225,1049.5362369604518
2025-01-05,Well_5,42.778701612046426,827.6304187653586
2025-01-06,Well_5,41.68517827628482,1225.0803888374999
2025-01-07,Well_5,37.92964722164698,923.9636921851289
2025-01-08,Well_5,44.933807309645246,1186.6407222393473
2025-01-09,Well_5,45.578739260941084,1162.1160706974235
2025-01-10,Well_5,37.70596970894598,1011.9992525372442
2025-01-11,Well_5,37.11087545059913,1168.9868714971437
2025-01-12,Well_5,40.65100707145569,1128.106207639107
2025-01-13,Well_5,40.416117585550225,1275.6020632905672
2025-01-14,Well_5,35.951024558279485,1123.3754214840567
2025-01-15,Well_5,45.50810950262732,1194.711618795938
2025-01-16,Well_5,43.41584934728877,1118.4096128286685
2025-01-17,Well_5,39.215447128092606,1065.4696441057229
2025-01-18,Well_5,38.31005580454702,963.7048766571195
2025-01-19,Well_5,33.36366537314754,1026.9392383910117
2025-01-20,Well_5,39.21105876220967,1011.181826303241
2025-01-21,Well_5,38.965504126795594,1185.9657849245198
2025-01-22,Well_5,42.53076235977926,1320.094316306839
2025-01-23,Well_5,44.37945532452119,1086.6159108106551
2025-01-24,Well_5,45.63937471133571,1202.7262730445577
2025-01-25,Well_5,41.760914309329486,1117.6877353440775
2025-01-26,Well_5,45.49487945962086,1052.4074804172506
2025-01-27,Well_5,36.70818647927555,1054.6475865465345
2025-01-28,Well_5,45.794092409471844,1122.3757510326607
2025-01-29,Well_5,46.40291752890012,1171.671540138283
2025-01-30,Well_5,35.34633329727198,1004.3771176949984
2025-01-31,Well_5,45.53965950432377,1122.3680944270766
2025-02-01,Well_5,50.86265961719969,1167.9799915010094
2025-02-02,Well_5,48.545950695888706,1008.2353043579878
2025-02-03,Well_5,44.65482188141753,1143.3522854106448
2025-02-04,Well_5,48.47164522282197,1000.3301044221928
2025-02-05,Well_5,37.78821685561252,1114.9905766022794
2025-02-06,Well_5,43.16361524739659,1111.3508948359615
2025-02-07,Well_5,47.31936942178311,990.8699946629852
2025-02-08,Well_5,41.4350690912623,1174.5387009217086
2025-02-09,Well_5,45.43819258653433,1220.0447166890337
2025-02-10,Well_5,36.29128548018836,1000.3941521472332
2025-02-11,Well_5,43.29120174054325,1126.312699955219
2025-02-12,Well_5,46.493179625389594,1221.3793278665084
2025-02-13,Well_5,38.57101464617814,979.6230504665923
2025-02-14,Well_5,41.7938899074203,1201.5000469118625
2025-02-15,Well_5,46.06515148192876,1342.9198362896784
2025-02-16,Well_5,41.9694110563515,1204.3773453963074
2025-02-17,Well_5,47.89210423855111,1101.487504361874
2025-02-18,Well_5,39.239103304218716,1069.6087339767232
2025-02-19,Well_5,43.998727659041535,1238.5303936750465
2025-02-20,Well_5,47.19657930420336,1140.2381031263624
2025-02-21,Well_5,46.35314245533039,1032.7248104565406
2025-02-22,Well_5,42.68200937539916,1155.5850306124942
2025-02-23,Well_5,46.171895550802226,1312.7002705080763
2025-02-24,Well_5,40.70911383967891,1196.797868572695
2025-02-25,Well_5,50.264387830916974,1274.0284591993527
2025-02-26,Well_5,41.62680298581482,1097.213921185729
2025-02-27,Well_5,55.03520050733837,1173.3965687681216
2025-02-28,Well_5,56.00764311953688,1317.7341596426995
2025-03-01,Well_5,53.8577514848172,1206.8629365960967
2025-03-02,Well_5,44.23100552813751,1262.9751740390523
2025-03-03,Well_5,51.430324030871944,1122.6978781988362
2025-03-04,Well_5,58.21554996386702,974.3478713138948
2025-03-05,Well_5,39.499379268003324,1289.7433317094913
2025-03-06,Well_5,45.161165274388054,929.823067430556
2025-03-07,Well_5,43.61848324443873,1291.2623987592046
2025-03-08,Well_5,45.51537308252633,1197.0056514047026
2025-03-09,Well_5,44.63457343545841,1224.5234833334282
2025-03-10,Well_5,45.670476490216316,1278.3902208907916
2025-03-11,Well_5,41.71286367519189,927.7594343296648
2025-03-12,Well_5,50.11816867432647,1172.9552008981766
2025-03-13,Well_5,51.618758909269616,1272.2456907935825
2025-03-14,Well_5,44.357859137472765,1149.733838301404
2025-03-15,Well_5,49.4545068064621,1327.7296112242032
2025-03-16,Well_5,45.07065985930302,1165.984503044102
2025-03-17,Well_5,40.358535617718886,1192.4877783373195
2025-03-18,Well_5,40.22165738714724,1306.1357445612653
2025-03-19,Well_5,44.641957362201495,1160.8581652876478
2025-03-20,Well_5,53.955702908123385,1222.9629028267418
2025-03-21,Well_5,39.3141117564063,1349.247495343246
2025-03-22,Well_5,44.02127451576551,1136.4501056596355
2025-03-23,Well_5,53.692336768322285,1207.9055920401183
2025-03-24,Well_5,45.24682683437108,1090.2584177190454
2025-03-25,Well_5,47.88022800548194,1107.5121348146092
2025-03-26,Well_5,49.31444886499046,1190.6562062615778
2025-03-27,Well_5,41.00589770593106,1209.734513157699
2025-03-28,Well_5,46.19885889597979,1006.5529932337179
2025-03-29,Well_5,53.6352869706438,1060.7098372871314
2025-03-30,Well_5,41.746054731288865,1128.3142409350767
2025-03-31,Well_5,48.32737859913368,1067.4203635738463
2025-04-01,Well_5,42.70005567042246,1220.1429992606634
2025-04-02,Well_5,53.14614739212212,1029.806637917569
2025-04-03,Well_5,52.4686583461323,1252.8002216890277
2025-04-04,Well_5,50.63300899004017,1217.9182077573905
2025-04-05,Well_5,38.3177542262043,1280.553186085044
2025-04-06,Well_5,55.36744143139488,1220.01106063029
2025-04-07,Well_5,49.77637581793231,1158.8910904827787
2025-04-08,Well_5,60.654511960738986,1293.3985623756782
2025-04-09,Well_5,55.590877843482964,1199.785725689281
2025-04-10,Well_5,59.35826572111337,1204.0275876011688
2025-04-11,Well_5,47.00503362555802,1286.909278687883
2025-04-12,Well_5,62.429037778645736,1077.8609926998745
2025-04-13,Well_5,60.02682678598814,1054.0218004306018
2025-04-14,Well_5,54.8374484970125,1292.3197032543874
2025-04-15,Well_5,49.990887704046884,1376.4548874741467
2025-04-16,Well_5,52.69589146222785,1060.621980431261
2025-04-17,Well_5,49.178512980320626,1289.4982197801373
2025-04-18,Well_5,50.448742867924906,1169.6857076461224
2025-04-19,Well_5,51.371270820176626,1100.517518686451
2025-04-20,Well_5,55.8829884436708,1259.8676952327867
2025-04-21,Well_5,46.208288354170456,1199.2850550692885
2025-04-22,Well_5,50.75611561647909,1245.400004055117
2025-04-23,Well_5,46.53764194378831,1105.4180152994581
2025-04-24,Well_5,57.291821489241336,1245.0176760524166
2025-04-25,Well_5,50.59712442917359,1162.9889541019309
2025-04-26,Well_5,52.83353698939963,1202.225656913262
2025-04-27,Well_5,63.54845058981917,1205.4502438294157
2025-04-28,Well_5,58.012106355036025,1235.9614985733072
2025-04-29,Well_5,54.79296314653424,1365.5978805916723
2025-04-30,Well_5,54.04831582568086,1220.9447421704447
2025-05-01,Well_5,57.31127298300574,1286.735214331851
2025-05-02,Well_5,55.21824058567597,1424.107536327219
2025-05-03,Well_5,58.136395691821974,1404.966858895511
2025-05-04,Well_5,56.1415555486913,1223.345539209746
2025-05-05,Well_5,51.503640482307105,1530.7795222438856
2025-05-06,Well_5,58.98803127216952,1261.9660211861728
2025-05-07,Well_5,58.95854981378383,1435.409328179971
2025-05-08,Well_5,55.437240820001115,1299.0590801129483
2025-05-09,Well_5,54.46934029579722,1258.2676378538417
2025-05-10,Well_5,52.69222902418888,1297.6536191754283
2025-05-11,Well_5,55.113747093541186,1330.4052204681743
2025-05-12,Well_5,51.648192545565024,1153.7441011622484
2025-05-13,Well_5,54.896870909582546,1283.4401803873955
2025-05-14,Well_5,55.933275912180996,1257.9518426971692
2025-05-15,Well_5,51.04983776149612,1476.1562151930725
2025-05-16,Well_5,60.02517437816701,1390.651399993669
2025-05-17,Well_5,55.274789144200945,1361.9028792409465
2025-05-18,Well_5,51.226675323325374,1283.0725907703415
2025-05-19,Well_5,52.99265406998808,1338.97222319943
2025-05-20,Well_5,57.18600573464377,1214.746304340093
2025-05-21,Well_5,58.746057289981024,1312.535703121389
2025-05-22,Well_5,59.43238597267792,1408.7997430123853
2025-05-23,Well_5,61.88084379901787,1352.864249470089
2025-05-24,Well_5,59.872469954658975,1231.708628710856
2025-05-25,Well_5,52.948574970264076,1493.2132823856978
2025-05-26,Well_5,64.3800275396196,1422.1772242075397
2025-05-27,Well_5,56.38518477581676,1236.5427002068918
2025-05-28,Well_5,63.144392978813286,1487.7264281645926
2025-05-29,Well_5,57.697884397632365,1291.383625656135
2025-05-30,Well_5,63.410905394856584,1215.1793060655823
2025-05-31,Well_5,64.77978186479015,1522.5047502126645
2025-06-01,Well_5,58.220217249236136,1362.98375821938
2025-06-02,Well_5,67.124223176243,1493.354156736946
2025-06-03,Well_5,56.36421463787405,1334.4997560608567
2025-06-04,Well_5,56.87687848737602,1259.5967375035364
2025-06-05,Well_5,49.92287768828656,1321.50486735457
2025-06-06,Well_5,51.573030456741826,1430.2062486843374
2025-06-07,Well_5,57.76907953267092,1422.1114812040282
2025-06-08,Well_5,55.62284741771599,1328.0790232771994
2025-06-09,Well_5,60.13025991662178,1326.8870746567081
2025-06-10,Well_5,67.5268212433912,1313.3972023814663
2025-06-11,Well_5,57.68487074543786,1591.8842513106806
2025-06-12,Well_5,66.89479641684733,1117.1010114224498
2025-06-13,Well_5,74.44846809255378,1179.135484331902
2025-06-14,Well_5,64.3993126877823,1286.7939116759583
2025-06-15,Well_5,57.63791165096933,1508.68913305406
2025-06-16,Well_5,51.41068593613255,1359.5597940069285
2025-06-17,Well_5,58.804419197645686,1318.9575118544988
2025-06-18,Well_5,59.179395856630606,1447.189812415946
2025-06-19,Well_5,58.843941251336396,1379.7329835905834
2025-06-20,Well_5,64.18701604634953,1387.8227834431718
2025-06-21,Well_5,56.528506802685385,1343.188270951894
2025-06-22,Well_5,59.44892697903332,1292.1550086273996
2025-06-23,Well_5,53.25689453142612,1271.8309147692794
2025-06-24,Well_5,56.15040942768833,1400.700866912565
2025-06-25,Well_5,53.819157682616066,1478.1926976774732
2025-06-26,Well_5,73.55548138982736,1337.5009809829876
2025-06-27,Well_5,64.58709424810439,1388.0976810574286
2025-06-28,Well_5,66.53597406960834,1188.7259326803876
2025-06-29,Well_5,68.34527337721451,1382.5097030643317
2025-06-30,Well_5,56.672306780283726,1345.3624657077544
2025-07-01,Well_5,57.42427973965405,1371.3840990960748
2025-07-02,Well_5,66.42930028190182,1364.010214679039
2025-07-03,Well_5,61.56537383859861,1358.3192020025806
2025-07-04,Well_5,61.82493620190078,1392.5457277970513
2025-07-05,Well_5,55.180235874910274,1346.6724923016552
2025-07-06,Well_5,52.25234148475609,1295.4140048173897
2025-07-07,Well_5,56.180770514440866,1435.4487258478766
2025-07-08,Well_5,68.42302817900895,1522.2874827268017
2025-07-09,Well_5,65.44655306543072,1468.1849404521556
2025-07-10,Well_5,64.34830239336202,1438.6044305498986
2025-07-11,Well_5,58.432381139967674,1312.4129386545173
2025-07-12,Well_5,67.97100432968855,1412.0075457547894
2025-07-13,Well_5,78.98050049420549,1363.1679937103727
2025-07-14,Well_5,59.64167883974869,1529.6673379353842
2025-07-15,Well_5,76.27282768914074,1679.9610920934658
2025-07-16,Well_5,61.42685161952939,1513.8257433019671
2025-07-17,Well_5,65.6774988791178,1368.4436693772861
2025-07-18,Well_5,65.81047122415096,1483.005505241988
2025-07-19,Well_5,64.09975021768057,1688.6268936405418
2025-07-20,Well_5,67.3193511922987,1504.4702145281024
2025-07-21,Well_5,65.5000079882587,1336.7610224606942
2025-07-22,Well_5,71.15434844927346,1338.0452378865093
2025-07-23,Well_5,65.91771418627357,1494.5974503649209
2025-07-24,Well_5,71.18523931741015,1386.5852282424623
2025-07-25,Well_5,71.02158670940916,1533.345659913147
2025-07-26,Well_5,67.22860951066255,1401.0766836416533
2025-07-27,Well_5,73.3750285686603,1259.7921590081812
2025-07-28,Well_5,63.60595838557169,1347.1067752755741
2025-07-29,Well_5,69.25157095608215,1410.233904246263
2025-07-30,Well_5,60.78518304047895,1428.8168954711782
2025-07-31,Well_5,65.76953663060434,1384.8822744872955
2025-08-01,Well_5,62.55704897973457,1326.81455134537
2025-08-02,Well_5,54.92052490240404,1640.3637773895819
2025-08-03,Well_5,66.626548238527,1323.3403564814842
2025-08-04,Well_5,64.74619151149942,1346.8216355491352
2025-08-05,Well_5,66.16892275761471,1527.091174720501
2025-08-06,Well_5,67.81002734690951,1367.0581146852255
2025-08-07,Well_5,65.14366350135994,1390.6737262337842
2025-08-08,Well_5,67.40368187745382,1344.023109154945
2025-08-09,Well_5,62.42339174879345,1701.0090727689624
2025-08-10,Well_5,72.67367344381968,1441.0461807156423
2025-08-11,Well_5,60.62823826519066,1462.788119945443
2025-08-12,Well_5,67.5182204005885,1672.389267742918
2025-08-13,Well_5,69.91550655892668,1321.7628850247945
2025-08-14,Well_5,57.96999180310082,1523.3713948223537
2025-08-15,Well_5,66.2817933939747,1423.1902050311
2025-08-16,Well_5,63.552498754435526,1373.4832051539847
2025-08-17,Well_5,71.49808831543437,1508.687197744326
2025-08-18,Well_5,68.46326645411308,1334.2883834117874
2025-08-19,Well_5,76.04326154027531,1341.5685910021878
2025-08-20,Well_5,74.91315371237012,1663.1703627594136
2025-08-21,Well_5,77.52064695545859,1411.7658616853819
2025-08-22,Well_5,73.95811423968101,1422.5143743549097
